symbol,regime,sector,sector_bucket,entry_date,exit_date,entry_price,exit_price,shares,atr_at_entry,initial_stop,breakeven_hit,profit,profit_pct,hold_days,exit_reason,size_multiplier,deferred_exit,slippage_applied
FORTIS.NS,R2,Healthcare,Named Sector,2017-01-24,2017-01-25,182.0,189.0,49,6.78767157122636,161.6369852863209,False,324.8209999999999,3.8461538461538463,1,SMA Exit,1.0,False,False
MFSL.NS,R2,Financial Services,Named Sector,2017-08-10,2017-08-14,589.1500244140625,614.9000244140625,17,18.674119949000843,533.1276645670599,False,417.2811491699231,4.3707033748508435,2,SMA Exit,1.0,False,False
GMRAIRPORT.NS,R2,Others,Others,2017-12-07,2017-12-11,15.135598182678224,16.081573486328125,422,0.7953214208105169,12.749633920246673,False,386.0279316959377,6.2500027566304714,2,SMA Exit,1.0,False,False
IDEA.NS,R2,Telecom,Named Sector,2018-01-25,2018-02-02,55.292259216308594,54.930477142333984,115,2.927765945748393,46.508961379063415,False,-54.28055318832321,-0.6543087207908858,5,Time Stop (Day 5 Loss),1.0,False,False
INDIGO.NS,R2,Others,Others,2018-02-05,2018-02-06,1159.300048828125,1155.0,8,36.76748249534574,1048.9976013420878,False,-52.91479101562436,-0.37091767851400437,1,SMA Exit,1.0,False,False
ULTRACEMCO.NS,R2,Construction Materials,Named Sector,2018-02-05,2018-02-09,4122.85009765625,4060.0,3,103.1876493471876,3813.287149614687,False,-213.09884326171778,-1.5244332480576703,4,RSI Overbought,1.0,False,False
HINDALCO.NS,R2,Metals & Mining,Named Sector,2018-03-08,2018-03-13,226.5,225.0,38,8.759778395148711,200.22066481455386,False,-74.15699999999742,-0.6622516556291391,3,SMA Exit,1.0,False,False
KOTAKBANK.NS,R2,Financial Services,Named Sector,2018-03-21,2018-03-28,210.9600067138672,208.8099975585937,81,4.123997955603983,198.58801284705524,False,-208.15211192322022,-1.0191548572472464,5,Time Stop (Day 5 Loss),1.0,False,False
JINDALSTEL.NS,R2,Others,Others,2018-05-22,2018-05-29,239.0,235.0,30,11.052899644691676,205.84130106592497,False,-134.21999999999935,-1.6736401673640167,5,Time Stop (Day 5 Loss),1.0,False,False
DMART.NS,R2,Others,Others,2018-06-27,2018-07-02,1469.699951171875,1495.949951171875,7,43.51819794515104,1339.145357336422,False,162.99045068359555,1.7860788509293606,3,RSI Overbought,1.0,False,False
AUBANK.NS,R2,Financial Services,Named Sector,2018-06-29,2018-07-04,335.0,337.29998779296875,25,11.270224581991316,301.18932625402607,False,40.69219512939708,0.6865635202891791,3,RSI Overbought,1.0,False,False
GODREJPROP.NS,R2,Realty,Named Sector,2018-06-28,2018-07-05,731.7999877929688,714.5,13,23.889159536840594,660.1325091824469,False,-243.70174114990186,-2.364032260391761,5,Time Stop (Day 5 Loss),1.0,False,False
ADANIPOWER.NS,R2,Power,Named Sector,2019-01-15,2019-01-18,9.9399995803833,10.3100004196167,979,0.34166274131444563,8.915011356439964,False,342.4060716094973,3.7223426041546235,3,SMA Exit,1.0,False,False
KOTAKBANK.NS,R2,Financial Services,Named Sector,2019-07-23,2019-07-24,292.0,298.6000061035156,50,6.359583340511672,272.92124997846497,False,300.4703048706069,2.260276062847817,1,SMA Exit,1.0,False,False
ICICIBANK.NS,R2,Financial Services,Named Sector,2019-07-22,2019-08-01,409.75,415.4017759207913,40,8.276234238879763,384.92129728336073,False,193.06496579481973,1.3793229824994007,9,Initial Stop,1.0,False,False
ADANIPOWER.NS,Upgraded,Power,Named Sector,2019-10-03,2019-11-13,12.31999969482422,12.670000076293944,589,0.5717898468804788,10.604630154182784,True,191.4311148204788,2.8409122576258046,27,Chandelier Stop,1.0,False,False
AXISBANK.NS,R2,Financial Services,Named Sector,2019-12-09,2020-01-21,713.4500122070312,726.3499755859375,19,17.716905488234854,660.2992957423266,False,217.74310443115428,1.808110331234096,30,Limbo Cap (Day 20),1.0,False,False
ADANIPOWER.NS,R2,Power,Named Sector,2020-02-03,2020-02-06,12.0,12.460000038146973,880,0.3845636773806723,10.846308967857983,False,383.27523353576726,3.833333651224772,3,RSI Overbought,1.0,False,False
ULTRACEMCO.NS,R2,Construction Materials,Named Sector,2020-09-01,2020-09-04,3925.0,3913.25,1,96.69403400391373,3634.917897988259,False,-19.58824999999979,-0.29936305732484075,3,SMA Exit,0.5,False,False
ULTRACEMCO.NS,R2,Construction Materials,Named Sector,2020-09-09,2020-09-11,3811.0,3915.5,1,97.6566293067577,3518.0301120797267,False,96.77350000000024,2.7420624508003146,2,SMA Exit,0.5,False,False
CHOLAFIN.NS,R2,Financial Services,Named Sector,2020-09-10,2020-09-15,222.0,234.5,14,11.387852637426152,187.83644208772154,False,168.60900000000038,5.63063063063063,3,SMA Exit,0.5,False,False
GODREJPROP.NS,R2,Realty,Named Sector,2020-09-10,2020-09-15,878.9500122070312,906.0,5,35.080592849922056,773.708233657265,False,126.32518890380925,3.0775342644397496,3,SMA Exit,0.5,False,False
BAJFINANCE.NS,R2,Financial Services,Named Sector,2020-09-22,2020-09-24,332.8999938964844,302.8900146484375,15,11.23157036748407,299.20528279403214,False,-459.6865388488768,-9.014713066464793,3,Initial Stop,0.5,False,False
IDEA.NS,R2,Telecom,Named Sector,2020-09-23,2020-09-24,10.0,8.594470856859767,359,0.904472297850137,7.286583106449589,False,-511.260377424956,-14.055291431402333,2,Initial Stop,1.0,False,False
ATGL.NS,R2,Energy,Named Sector,2020-10-16,2020-10-21,182.5500030517578,192.1999969482422,20,8.33630686302563,157.54108246268092,False,185.50487792968806,5.286219520767876,3,SMA Exit,0.5,False,False
AUBANK.NS,R2,Financial Services,Named Sector,2021-01-28,2021-02-02,433.0,475.2250061035156,10,15.55673077238128,386.32980768285614,False,413.1678109741215,9.751733511204533,3,SMA Exit,0.5,False,False
LUPIN.NS,R2,Healthcare,Named Sector,2021-02-02,2021-02-03,1000.0,1037.699951171875,4,37.07857911376074,888.7642626587178,False,142.6490048828132,3.7699951171875004,1,SMA Exit,0.5,False,False
KOTAKBANK.NS,R2,Financial Services,Named Sector,2021-03-18,2021-03-25,376.2000122070313,358.5799865722656,28,11.88447187975952,340.5465965677528,False,-513.9345577392596,-4.683685556360107,5,Time Stop (Day 5 Loss),1.0,False,False
AXISBANK.NS,R2,Financial Services,Named Sector,2021-03-19,2021-03-26,709.0,707.0,13,26.94909012016831,628.1527296394951,False,-44.40799999999945,-0.2820874471086037,5,Time Stop (Day 5 Loss),1.0,False,False
SBILIFE.NS,R2,Financial Services,Named Sector,2021-03-26,2021-04-01,870.0,881.5999755859375,6,24.96713724327901,795.098588270163,False,59.09025366210972,1.3333305271192528,3,RSI Overbought,0.5,False,False
MFSL.NS,R2,Financial Services,Named Sector,2021-04-13,2021-04-15,853.7999877929688,875.0,5,32.0447425519334,757.6657601371685,False,97.3560610961922,2.483018565253467,1,SMA Exit,0.5,False,False
BAJAJFINSV.NS,R2,Financial Services,Named Sector,2021-04-13,2021-04-15,920.0,975.1699829101562,5,29.160376181414772,832.5188714557557,False,266.3740646362312,5.996737272843071,1,SMA Exit,0.5,False,False
HDFCLIFE.NS,R2,Financial Services,Named Sector,2021-04-20,2021-04-22,670.0999755859375,672.0,9,18.45057105206511,614.7482624297422,False,5.021319946289623,0.28354342386016546,1,SMA Exit,0.5,False,False
MFSL.NS,R2,Financial Services,Named Sector,2021-04-22,2021-04-26,841.5999755859375,867.4000244140625,5,31.593872230253428,746.8183588951772,False,120.45524414062584,3.065595244363277,2,RSI Overbought,0.5,False,False
OBEROIRLTY.NS,R2,Realty,Named Sector,2021-04-20,2021-04-28,550.0,544.9000244140625,6,25.196072840814022,474.41178147755795,False,-37.169253662108986,-0.9272682883522728,5,Time Stop (Day 5 Loss),0.5,False,False
TIINDIA.NS,R2,Auto,Named Sector,2021-07-28,2021-07-30,1090.0,1140.0,9,36.328762151969684,981.0137135440909,False,429.9300000000003,4.587155963302752,2,SMA Exit,1.0,False,False
ABCAPITAL.NS,R2,Others,Others,2021-07-30,2021-08-03,117.0,119.4499969482422,83,3.7118256294693444,105.86452311159196,False,183.72439695739922,2.0940144856770955,2,SMA Exit,1.0,False,False
PHOENIXLTD.NS,R2,Realty,Named Sector,2021-08-20,2021-08-25,410.0249938964844,418.4500122070313,21,16.1504729128348,361.57357515798,False,159.52740939331306,2.0547572552794007,3,RSI Overbought,1.0,False,False
CHOLAFIN.NS,R2,Financial Services,Named Sector,2021-08-23,2021-08-25,487.0,510.0,19,17.45001814176763,434.6499455746971,False,418.0570000000007,4.722792607802875,2,SMA Exit,1.0,False,False
JSWSTEEL.NS,R2,Metals & Mining,Named Sector,2021-08-23,2021-08-30,696.0,683.0499877929688,15,24.610395333607453,622.1688139991777,False,-214.93593292236255,-1.8606339377918464,5,Time Stop (Day 5 Loss),1.0,False,False
PRESTIGE.NS,R2,Realty,Named Sector,2021-11-23,2021-11-26,436.0,463.0,13,25.06994452599284,360.79016642202146,False,339.3130000000001,6.192660550458716,3,SMA Exit,1.0,False,False
CHOLAFIN.NS,R2,Financial Services,Named Sector,2021-11-23,2021-11-30,585.4000244140625,541.0,12,26.191025121233157,506.82694905036305,False,-546.3170932617186,-7.584561421654071,5,Time Stop (Day 5 Loss),1.0,False,False
SBILIFE.NS,R2,Financial Services,Named Sector,2021-11-29,2021-12-01,1112.0,1160.800048828125,11,33.08663169089181,1012.7401049273246,False,511.79973657226765,4.388493599651529,2,SMA Exit,1.0,False,False
VOLTAS.NS,R2,Consumer Durables,Named Sector,2021-11-29,2021-12-01,1159.0,1202.0,10,36.00333812377442,1050.9899856286768,False,406.39000000000124,3.710094909404659,2,SMA Exit,1.0,False,False
JUBLFOOD.NS,R2,Consumer Services,Named Sector,2021-11-29,2021-12-02,723.0,736.0,12,25.920241415911953,645.2392757522641,False,138.4920000000002,1.7980636237897647,3,RSI Overbought,1.0,False,False
JSWSTEEL.NS,R2,Metals & Mining,Named Sector,2021-11-29,2021-12-02,631.7000122070312,638.0,13,22.393438974129527,564.5196952846427,False,65.39374114990278,0.9973068974556253,3,SMA Exit,1.0,False,False
POLYCAB.NS,R2,Capital Goods,Named Sector,2021-11-29,2021-12-02,2205.0,2331.449951171875,8,83.64174346701104,1954.074769598967,False,975.3080097656239,5.7346916631235825,3,RSI Overbought,1.0,False,False
NAUKRI.NS,R2,Consumer Services,Named Sector,2021-11-30,2021-12-02,1171.0,1196.0,8,49.675909517820934,1021.9722714465372,False,181.06400000000212,2.134927412467976,2,RSI Overbought,1.0,False,False
ULTRACEMCO.NS,R2,Construction Materials,Named Sector,2021-12-07,2021-12-09,7285.0,7476.7998046875,3,192.39474291563076,6707.815771253107,False,531.1140146484431,2.6328044569320523,2,RSI Overbought,1.0,False,False
ADANIPORTS.NS,R2,Logistics,Named Sector,2021-10-29,2021-12-14,697.0,755.9000244140625,13,25.450799048061732,620.6476028558147,False,746.8126170654305,8.450505654815279,30,Limbo Cap (Day 20),1.0,False,False
MFSL.NS,R2,Financial Services,Named Sector,2021-12-20,2021-12-22,942.5,971.0,13,27.08067261128042,861.2579821661587,False,345.6245000000017,3.023872679045093,2,SMA Exit,1.0,False,False
GMRAIRPORT.NS,R2,Others,Others,2021-12-21,2021-12-23,35.99209213256836,39.55076217651367,187,1.5738026064327635,31.270684313270067,False,651.3447844619759,9.887366454936249,2,SMA Exit,1.0,False,False
TRENT.NS,R2,Consumer Services,Named Sector,2021-12-21,2021-12-23,1024.0,1044.0,31,42.384845864085925,896.8454624077422,False,555.8920000000035,1.953125,2,SMA Exit,1.0,False,False
PHOENIXLTD.NS,R2,Realty,Named Sector,2021-12-22,2021-12-24,481.875,500.0249938964844,33,29.835955817855282,392.36713254643416,False,566.5470987854042,3.7665356983625164,2,SMA Exit,1.0,False,False
VBL.NS,R2,FMCG,Named Sector,2021-12-20,2021-12-27,114.4000015258789,111.5999984741211,78,4.070657698077812,102.18802843164548,False,-236.02823803710817,-2.447555082527173,5,Time Stop (Day 5 Loss),1.0,False,False
INDHOTEL.NS,R2,Others,Others,2021-12-21,2021-12-28,184.0,179.35000610351562,48,8.870971185749996,157.38708644275002,False,-240.64050732421674,-2.5271705959154214,5,Time Stop (Day 5 Loss),1.0,False,False
FORTIS.NS,R2,Healthcare,Named Sector,2022-01-21,2022-01-31,278.75,267.5,56,9.387964821839258,250.58610553448221,False,-660.5899999999983,-4.0358744394618835,5,Time Stop (Day 5 Loss),1.0,False,False
ADANIPOWER.NS,R2,Power,Named Sector,2021-12-21,2022-02-02,19.43000030517578,21.799999237060547,192,0.7774185440644077,17.097744672982557,False,447.1236350097661,12.197626838191264,30,Limbo Cap (Day 20),1.0,False,False
JUBLFOOD.NS,R2,Consumer Services,Named Sector,2022-01-25,2022-02-02,690.2000122070312,693.0,17,25.052984518047026,615.0410586528901,False,24.08539227294932,0.4056777373873576,5,Time Stop (Day 5 Loss),0.5,False,False
VOLTAS.NS,R2,Consumer Durables,Named Sector,2022-01-25,2022-02-02,1185.0,1183.1500244140625,19,34.21671442857251,1082.3498567142824,False,-80.14438659667576,-0.1561160832014768,5,Time Stop (Day 5 Loss),0.5,False,False
INDIGO.NS,R2,Others,Others,2022-01-25,2022-02-02,1985.0999755859373,1960.0,14,70.71281814371216,1772.9615211548007,False,-406.6310578613193,-1.2644187141520955,5,Time Stop (Day 5 Loss),0.5,False,False
ADANIPORTS.NS,R2,Logistics,Named Sector,2022-02-15,2022-02-16,699.7000122070312,724.9000244140625,7,21.020116903269038,636.6396614972241,False,166.42788519287114,3.601545200427255,1,SMA Exit,0.5,False,False
ULTRACEMCO.NS,R2,Construction Materials,Named Sector,2022-02-15,2022-02-16,7100.0,7285.0,2,181.10103896411061,6556.696883107668,False,341.2300000000014,2.6056338028169015,1,SMA Exit,0.5,False,False
PHOENIXLTD.NS,R2,Realty,Named Sector,2022-02-15,2022-02-17,465.7000122070313,492.4500122070313,6,21.660630228595984,400.71812152124335,False,154.75109985351583,5.744041077694462,2,SMA Exit,0.5,False,False
LODHA.NS,R2,Realty,Named Sector,2022-02-15,2022-02-17,619.9000244140625,643.4249877929688,5,30.25966548564366,529.1210279571316,False,111.3081918334965,3.7949608731089093,2,SMA Exit,0.5,False,False
ADANIENT.NS,R2,Metals & Mining,Named Sector,2022-01-25,2022-02-22,1668.0,1667.699951171875,14,59.49558287091172,1489.513251387265,False,-50.900482910154096,-0.017988538856414868,20,Initial Stop,0.5,False,False
KPITTECH.NS,R2,IT,Named Sector,2022-04-20,2022-04-27,549.0,505.2999877929688,15,23.714314147383412,477.85705755784977,False,-671.3146829223615,-7.959929363757959,5,Time Stop (Day 5 Loss),1.0,False,False
OBEROIRLTY.NS,R2,Realty,Named Sector,2022-04-26,2022-04-27,930.0,940.0,9,38.35048260234315,814.9485521929705,False,73.17000000000189,1.0752688172043012,1,SMA Exit,1.0,False,False
PRESTIGE.NS,R2,Realty,Named Sector,2022-05-02,2022-05-04,473.7999877929688,479.7999877929688,16,18.121498856956777,419.43549122209845,False,80.74240039062624,1.2663571453323368,1,RSI Overbought,1.0,False,False
AXISBANK.NS,R2,Financial Services,Named Sector,2022-04-28,2022-05-04,776.9000244140625,707.2000122070312,16,21.82085357400673,711.4374636920423,False,-1138.9457958984367,-8.971554899821113,4,Initial Stop,1.0,False,False
APOLLOHOSP.NS,R2,Healthcare,Named Sector,2022-05-02,2022-05-04,4440.0,4013.300048828125,3,147.13311301365977,3998.600660959021,False,-1305.4597536621077,-9.610359260627815,2,Initial Stop,1.0,False,False
FORTIS.NS,R2,Healthcare,Named Sector,2022-05-04,2022-05-05,266.3999938964844,253.523980588185,33,8.36354707721253,241.30935266484678,False,-442.06593033187346,-4.833338439678283,2,Initial Stop,1.0,False,False
SBILIFE.NS,R2,Financial Services,Named Sector,2022-09-27,2022-09-28,1266.0,1220.5647318907277,12,29.594234864642704,1177.2172954060718,False,-575.061994093956,-3.5888837369093465,2,Initial Stop,1.0,False,False
ADANIGREEN.NS,R2,Power,Named Sector,2022-09-27,2022-09-28,2230.949951171875,2051.050048828125,11,90.55571459750334,1959.2828073793648,False,-2026.000925781249,-8.06382510953471,2,Initial Stop,1.0,False,False
ADANIPOWER.NS,R2,Power,Named Sector,2022-09-27,2022-10-04,72.79000091552734,72.0,78,3.352729951083579,62.731811062276606,False,-72.91369148254307,-1.0853151608613638,5,Time Stop (Day 5 Loss),1.0,False,False
SBICARD.NS,R2,Others,Others,2022-09-26,2022-10-10,910.0,869.4295334844152,13,25.492382775176136,833.5228516744716,False,-550.5486486378977,-4.45829302369064,10,Initial Stop,1.0,False,False
POWERINDIA.NS,R2,Others,Others,2022-10-12,2022-10-19,3423.050048828125,3346.550048828125,2,116.00221698148827,3075.04339788366,False,-166.53920019531233,-2.23484900625948,5,Time Stop (Day 5 Loss),1.0,False,False
PRESTIGE.NS,R2,Realty,Named Sector,2022-10-12,2022-10-19,438.6499938964844,441.0,19,16.086567550728223,390.3902912442997,False,27.936766082762915,0.5357360392600838,5,Time Stop (Day 5 Loss),1.0,False,False
YESBANK.NS,R2,Financial Services,Named Sector,2022-10-14,2022-10-20,16.049999237060547,15.850000381469728,397,0.541962842050891,14.424110710907874,False,-92.06384551811061,-1.24609884796136,4,RSI Overbought,1.0,False,False
DMART.NS,R2,Others,Others,2022-10-14,2022-10-21,4398.5,4244.0,5,117.4978308033944,4046.006507589817,False,-815.7124999999978,-3.5125611003751276,5,Time Stop (Day 5 Loss),1.0,False,False
TRENT.NS,R2,Consumer Services,Named Sector,2022-11-17,2022-11-23,1396.0,1408.1500244140625,7,46.67570849142418,1255.9728745257275,False,65.42112072754026,0.8703455883998925,4,RSI Overbought,1.0,False,False
TRENT.NS,R2,Consumer Services,Named Sector,2022-12-19,2022-12-23,1395.0,1284.4000244140625,10,30.829646052517482,1302.5110618424476,False,-1132.7937561035142,-7.928313662074372,5,Initial Stop,1.0,False,False
INDUSINDBK.NS,R2,Others,Others,2022-12-26,2022-12-27,1150.0,1201.6500244140625,14,30.302082437316194,1059.0937526880514,False,690.1772414550796,4.491306470788044,1,SMA Exit,1.0,False,False
CONCOR.NS,R2,Logistics,Named Sector,2022-12-26,2022-12-27,711.0,729.9500122070312,16,20.266975757843138,650.1990727264706,False,280.14499511718896,2.665261913787799,1,SMA Exit,1.0,False,False
PHOENIXLTD.NS,R2,Realty,Named Sector,2022-12-23,2022-12-28,668.3250122070312,685.5,13,24.070206457554214,596.1143928343686,False,205.67511614990326,2.5698556060697526,3,RSI Overbought,1.0,False,False
PRESTIGE.NS,R2,Realty,Named Sector,2022-12-22,2022-12-29,453.2000122070313,446.0,17,16.99052298682844,402.22844324654596,False,-137.68660772705152,-1.5887052103039638,5,Time Stop (Day 5 Loss),1.0,False,False
BLUESTARCO.NS,R2,Consumer Durables,Named Sector,2022-12-26,2022-12-30,597.5,599.9749755859375,18,18.155179608303577,543.0344611750893,False,22.995010986329362,0.41422185538702927,4,RSI Overbought,1.0,False,False
ADANIENT.NS,R2,Metals & Mining,Named Sector,2022-12-26,2022-12-30,3653.0,3829.699951171875,9,121.20637148022595,3289.380885559322,False,1522.9552609863385,4.837118838540241,4,RSI Overbought,1.0,False,False
TITAN.NS,R2,Consumer Durables,Named Sector,2023-01-10,2023-01-17,2495.0,2405.0,6,54.78826911845341,2330.6351926446396,False,-569.3999999999978,-3.6072144288577155,5,Time Stop (Day 5 Loss),1.0,False,False
TVSMOTOR.NS,R2,Auto,Named Sector,2023-01-12,2023-01-19,1019.75,994.1500244140624,11,27.774094253327707,936.4277172400168,False,-303.75263171386723,-2.510416826274833,5,Time Stop (Day 5 Loss),1.0,False,False
ULTRACEMCO.NS,R2,Construction Materials,Named Sector,2023-01-24,2023-01-31,6882.0,6925.0,2,137.7219711486232,6468.83408655413,False,58.38600000000042,0.6248183667538506,4,RSI Overbought,1.0,False,False
KALYANKJIL.NS,R2,Consumer Durables,Named Sector,2023-01-27,2023-02-01,117.1500015258789,119.3000030517578,53,4.700906064737874,103.04728333166528,False,101.41823062896765,1.8352552265259237,3,RSI Overbought,1.0,False,False
EXIDEIND.NS,R2,Auto,Named Sector,2023-01-31,2023-02-01,175.85000610351562,181.8000030517578,49,4.76337721212031,161.55987446715469,False,274.02500001526096,3.3835636859402043,1,SMA Exit,1.0,False,False
SBILIFE.NS,R2,Financial Services,Named Sector,2023-01-27,2023-02-01,1263.699951171875,1109.4000244140625,10,27.82699163662903,1180.2189762619878,False,-1566.7302673339818,-12.210171141869916,4,Initial Stop,1.0,False,False
SAIL.NS,R2,Metals & Mining,Named Sector,2023-02-08,2023-02-10,82.44999694824219,84.94999694824219,94,3.133936552019757,73.04818729218292,False,219.2644005737311,3.0321408035580277,2,SMA Exit,1.0,False,False
MAXHEALTH.NS,R2,Healthcare,Named Sector,2023-02-16,2023-02-20,421.7000122070313,436.9500122070313,42,12.108348838710459,385.3749656908999,False,604.4366989746122,3.6163148111347687,2,RSI Overbought,1.0,False,False
IDFCFIRSTB.NS,R2,Financial Services,Named Sector,2023-02-15,2023-02-22,57.0,54.400001525878906,163,1.8204745422457302,51.538576373262806,False,-441.95795153045583,-4.561400831791393,5,Time Stop (Day 5 Loss),1.0,False,False
PHOENIXLTD.NS,R2,Realty,Named Sector,2023-01-30,2023-02-22,672.1500244140625,650.6749877929688,18,20.550538905713317,610.4984076969225,False,-410.36150939941217,-3.194976692861734,18,Initial Stop,1.0,False,False
SIEMENS.NS,R2,Capital Goods,Named Sector,2023-08-11,2023-08-21,2154.2294921875,2132.45166015625,5,59.54437981873947,1975.5963527312815,False,-130.32256591796795,-1.0109337055420138,5,Time Stop (Day 5 Loss),1.0,False,False
RELIANCE.NS,R2,Energy,Named Sector,2023-08-28,2023-09-04,1236.0,1206.324951171875,14,23.601124062287404,1165.1966278131379,False,-449.6432329101517,-2.4008939181330904,5,Time Stop (Day 5 Loss),1.0,False,False
M&M.NS,R2,Auto,Named Sector,2023-10-05,2023-10-09,1533.0,1540.0,9,39.75499270673031,1413.735021879809,False,35.34300000000076,0.45662100456621,2,RSI Overbought,1.0,False,False
AUBANK.NS,R2,Financial Services,Named Sector,2023-10-05,2023-10-11,702.0,718.9000244140625,19,17.32788009992786,650.0163597002164,False,294.1033634033229,2.4074108851940883,4,RSI Overbought,1.0,False,False
FORTIS.NS,R2,Healthcare,Named Sector,2023-10-06,2023-10-11,329.70001220703125,333.3999938964844,31,8.673676584819896,303.6789824525716,False,94.14333218383945,1.1222267371739632,3,SMA Exit,1.0,False,False
MFSL.NS,R2,Financial Services,Named Sector,2023-10-25,2023-10-30,890.0,909.5,13,24.1603335146585,817.5189994560245,False,230.1065000000017,2.191011235955056,3,RSI Overbought,1.0,False,False
ABB.NS,R2,Capital Goods,Named Sector,2023-10-25,2023-10-30,3949.0,4036.60009765625,4,100.28714082457022,3648.1385775262893,False,318.45799023437576,2.2182855825841985,3,RSI Overbought,1.0,False,False
COROMANDEL.NS,R2,Chemicals,Named Sector,2023-10-25,2023-10-30,1117.699951171875,1040.6486148502872,21,25.683778773862564,1040.6486148502872,False,-1663.4033826398081,-6.893740689601153,4,Initial Stop,1.0,False,False
KPITTECH.NS,R2,IT,Named Sector,2023-10-27,2023-10-31,1130.949951171875,1200.0,13,41.09647624081337,1007.6605224494349,False,867.3482854003923,6.1054911189108125,2,SMA Exit,1.0,False,False
FEDERALBNK.NS,R2,Financial Services,Named Sector,2023-10-25,2023-11-01,143.3000030517578,140.60000610351562,70,3.5432291296018854,132.67031566295216,False,-208.87278701782088,-1.8841569370148508,5,Time Stop (Day 5 Loss),1.0,False,False
JSWSTEEL.NS,R2,Metals & Mining,Named Sector,2023-10-25,2023-11-01,754.0999755859375,736.9000244140625,26,16.071794535361168,705.884591979854,False,-485.9647304687496,-2.280858205639192,5,Time Stop (Day 5 Loss),1.0,False,False
DRREDDY.NS,R2,Healthcare,Named Sector,2023-10-31,2023-11-07,1074.800048828125,1074.800048828125,27,22.640283202506815,1006.8791992206045,False,-58.039202636715345,0.0,5,Time Stop (Day 5 Loss),1.0,False,False
ABCAPITAL.NS,R2,Others,Others,2023-10-27,2023-12-12,170.0500030517578,165.9499969482422,18,5.173044359586883,154.53086997299715,False,-79.84810986328057,-2.411059117868827,30,Limbo Cap (Day 20),1.0,False,False
BAJFINANCE.NS,R2,Financial Services,Named Sector,2024-01-19,2024-01-30,736.0,698.8499755859375,21,15.271595752386025,690.1852127428419,False,-810.2823621826155,-5.0475576649541445,5,Time Stop (Day 5 Loss),1.0,False,False
SOLARINDS.NS,R2,Chemicals,Named Sector,2024-01-25,2024-02-02,6697.60009765625,6350.0,3,242.17005753183406,5971.089925060748,False,-1081.9430932617142,-5.189920159280467,5,Time Stop (Day 5 Loss),1.0,False,False
MFSL.NS,R2,Financial Services,Named Sector,2024-02-27,2024-02-29,922.2999877929688,964.4500122070312,10,30.76587887896584,830.0023511560712,False,402.6327441406247,4.5700992054576535,2,SMA Exit,1.0,False,False
JINDALSTEL.NS,R2,Others,Others,2024-03-14,2024-03-19,764.9500122070312,806.0,11,27.270636067642283,683.1381040041044,False,434.26941558838007,5.366362133197627,3,SMA Exit,1.0,False,False
OBEROIRLTY.NS,R2,Realty,Named Sector,2024-03-14,2024-03-19,1295.0,1356.300048828125,8,42.418563126243036,1167.7443106212709,False,469.1899902343757,4.733594504102316,3,SMA Exit,1.0,False,False
JSWSTEEL.NS,R2,Metals & Mining,Named Sector,2024-03-14,2024-03-19,792.0,802.0,14,21.241897410907335,728.274307767278,False,117.68400000000292,1.2626262626262625,3,RSI Overbought,1.0,False,False
PRESTIGE.NS,R2,Realty,Named Sector,2024-03-14,2024-03-21,1093.0,1047.050048828125,8,65.3606565910488,896.9180302268536,False,-384.7200097656241,-4.204021150217292,5,Time Stop (Day 5 Loss),1.0,False,False
BHARATFORG.NS,R2,Others,Others,2024-03-15,2024-03-22,1117.949951171875,1102.0,14,37.5495397742979,1005.3013318489814,False,-254.378615722655,-1.4267142420066026,5,Time Stop (Day 5 Loss),1.0,False,False
AXISBANK.NS,R2,Financial Services,Named Sector,2024-03-15,2024-03-22,1056.25,1040.0999755859375,20,25.182667855350818,980.7019964339476,False,-364.9274877929638,-1.5289963942307692,5,Time Stop (Day 5 Loss),1.0,False,False
ADANIPOWER.NS,Upgraded,Power,Named Sector,2024-03-14,2024-04-15,100.37999725341795,114.77904251427756,58,4.037674744748669,88.26697301917194,True,822.6654008233318,14.344536416461517,20,Chandelier Stop,1.0,False,False
PIDILITIND.NS,R2,Chemicals,Named Sector,2024-05-09,2024-05-13,1407.5250244140625,1452.125,8,36.386900566269624,1298.3643227152536,False,333.92260449218884,3.168680827149342,2,SMA Exit,1.0,False,False
TORNTPHARM.NS,R2,Healthcare,Named Sector,2024-05-10,2024-05-13,2526.5,2609.699951171875,7,67.36952109053091,2324.3914367284074,False,546.4462585449219,3.293091279314269,1,SMA Exit,1.0,False,False
RVNL.NS,R2,Construction,Named Sector,2024-05-14,2024-05-15,260.0,275.8500061035156,28,11.05885191260808,226.82344426217577,False,428.7963707275403,6.096156193659856,1,SMA Exit,1.0,False,False
SHRIRAMFIN.NS,R2,Financial Services,Named Sector,2024-05-10,2024-05-17,474.7999877929688,468.7999877929688,17,17.563042730474926,422.110859601544,False,-118.04119958495994,-1.2636900072154662,5,Time Stop (Day 5 Loss),1.0,False,False
INDHOTEL.NS,R2,Others,Others,2024-07-04,2024-07-05,602.7000122070312,615.7999877929688,17,18.525844803395906,547.1224777968436,False,201.98508496093746,2.173548252963628,1,SMA Exit,1.0,False,False
BHEL.NS,R2,Capital Goods,Named Sector,2024-07-22,2024-07-26,294.1000061035156,313.5,27,11.951484214979905,258.2455534585759,False,507.3946350402839,6.596393571530928,4,RSI Overbought,1.0,False,False
DLF.NS,R2,Realty,Named Sector,2024-08-06,2024-08-08,828.5499877929688,843.5,10,28.218397442730403,743.8947954647775,False,132.7796221923836,1.804358509117115,2,SMA Exit,1.0,False,False
LT.NS,R2,Construction,Named Sector,2024-08-06,2024-08-08,3548.0,3621.0,9,90.80919758713448,3275.5724072385965,False,592.479000000003,2.0574971815107106,2,SMA Exit,1.0,False,False
INDHOTEL.NS,R2,Others,Others,2024-08-07,2024-08-08,605.0,616.0999755859375,8,18.3730308914519,549.8809073256443,False,79.03100488281325,1.8347067084194215,1,SMA Exit,1.0,False,False
ASTRAL.NS,R2,Capital Goods,Named Sector,2024-08-05,2024-08-12,2100.25,2030.0,8,56.753978991817334,1929.988063024548,False,-595.0419999999995,-3.3448399000119036,5,Time Stop (Day 5 Loss),1.0,False,False
ADANIENT.NS,R2,Metals & Mining,Named Sector,2024-08-16,2024-08-19,3070.0,3122.050048828125,6,92.2011953575992,2793.3964139272025,False,275.147992675782,1.6954413299063518,1,SMA Exit,1.0,False,False
ADANIPORTS.NS,R2,Logistics,Named Sector,2024-08-16,2024-08-22,1471.199951171875,1507.0,8,44.323326666435825,1338.2299711725675,False,262.57479101562603,2.43339111040676,4,RSI Overbought,1.0,False,False
BEL.NS,R2,Capital Goods,Named Sector,2024-07-22,2024-09-03,306.0,300.0,30,10.907700929385763,273.2768972118427,False,-198.17999999999847,-1.9607843137254901,30,Limbo Cap (Day 20),1.0,False,False
RELIANCE.NS,R2,Energy,Named Sector,2024-09-09,2024-09-13,1466.5,1476.4000244140625,12,24.754164559306155,1392.2375063220816,False,83.48549267578346,0.6750783780472213,4,RSI Overbought,1.0,False,False
HINDALCO.NS,R2,Metals & Mining,Named Sector,2024-09-10,2024-09-13,664.9000244140625,686.0,11,16.804870870389415,614.4854118028943,False,217.23983117675834,3.1734057469063375,3,SMA Exit,1.0,False,False
KEI.NS,R2,Capital Goods,Named Sector,2024-09-10,2024-09-16,4352.7998046875,4497.9501953125,4,129.58596412625033,3964.041912308749,False,545.1985625000052,3.334644301093024,4,RSI Overbought,1.0,False,False
M&M.NS,R2,Auto,Named Sector,2024-08-05,2024-09-17,2679.64990234375,2765.0,7,80.90654882749254,2436.9302558612726,False,559.3381342773464,3.1851212198130328,30,Limbo Cap (Day 20),1.0,False,False
PRESTIGE.NS,R2,Realty,Named Sector,2024-08-05,2024-09-17,1651.0,1847.699951171875,5,86.20811406516792,1392.3756578044963,False,966.0062561035156,11.913988562802846,30,Limbo Cap (Day 20),1.0,False,False
RVNL.NS,R2,Construction,Named Sector,2024-09-12,2024-09-19,559.7999877929688,530.5,8,21.816608936110526,494.35016098463717,False,-243.12230224609266,-5.234010080722758,5,Time Stop (Day 5 Loss),1.0,False,False
SOLARINDS.NS,R2,Chemicals,Named Sector,2024-10-08,2024-10-09,10501.0,11352.2001953125,2,432.42144754540413,9203.735657363788,False,1658.6939902343765,8.105896536639367,1,SMA Exit,1.0,False,False
LT.NS,R2,Construction,Named Sector,2024-10-04,2024-10-11,3515.0,3469.39990234375,4,77.07986121737885,3283.7604163478636,False,-210.33799023437314,-1.29730007556899,5,Time Stop (Day 5 Loss),1.0,False,False
DLF.NS,R2,Realty,Named Sector,2024-10-07,2024-10-11,848.4500122070312,862.0,11,25.673955250182498,771.4281464564838,False,130.23491558838032,1.5970284162907646,4,RSI Overbought,1.0,False,False
ADANIPOWER.NS,R2,Power,Named Sector,2024-10-08,2024-10-11,124.9800033569336,129.0,38,4.026157677192016,112.90153032535754,False,143.1086323089603,3.216511869971386,3,RSI Overbought,1.0,False,False
PIDILITIND.NS,R2,Chemicals,Named Sector,2024-10-07,2024-10-14,1613.5,1566.5,9,34.97452012286053,1508.5764396314185,False,-451.619999999999,-2.9129222187790518,5,Time Stop (Day 5 Loss),1.0,False,False
MARUTI.NS,R2,Auto,Named Sector,2024-10-17,2024-10-24,12400.0,11998.9501953125,1,273.15415236691297,11580.537542899261,False,-425.44875488281104,-3.2342726184475805,5,Time Stop (Day 5 Loss),1.0,False,False
MOTHERSON.NS,R2,Auto,Named Sector,2024-10-18,2024-10-25,134.6666717529297,128.45333862304688,71,4.2434195020592815,121.93641324675184,False,-459.8281729583723,-4.613861060799285,5,Time Stop (Day 5 Loss),1.0,False,False
TATAPOWER.NS,R2,Power,Named Sector,2024-10-18,2024-10-25,449.8999938964844,438.0,27,14.025845130445092,407.8224585051491,False,-345.273135040281,-2.6450309086295287,5,Time Stop (Day 5 Loss),1.0,False,False
MARICO.NS,R2,FMCG,Named Sector,2024-10-18,2024-10-25,665.0,635.0,26,17.068237703514534,613.7952868894564,False,-813.7999999999956,-4.511278195488721,5,Time Stop (Day 5 Loss),1.0,False,False
JSWSTEEL.NS,R2,Metals & Mining,Named Sector,2024-10-18,2024-10-25,978.5,958.0999755859376,23,24.942169067172014,903.673492798484,False,-513.7423609619109,-2.084826204809646,5,Time Stop (Day 5 Loss),1.0,False,False
PRESTIGE.NS,R2,Realty,Named Sector,2024-10-21,2024-10-28,1773.0,1695.0,13,74.46325946872912,1549.6102215938126,False,-1059.083999999999,-4.39932318104907,5,Time Stop (Day 5 Loss),1.0,False,False
EICHERMOT.NS,R2,Auto,Named Sector,2024-10-28,2024-10-29,4591.60009765625,4688.0,8,112.13848933013301,4255.184629665851,False,696.9624179687526,2.099483846447269,1,SMA Exit,1.0,False,False
HDFCLIFE.NS,R2,Financial Services,Named Sector,2024-10-28,2024-10-30,710.25,744.25,16,17.943443849951688,656.419668450145,False,520.728000000001,4.787046814501935,2,SMA Exit,1.0,False,False
FEDERALBNK.NS,R2,Financial Services,Named Sector,2024-10-28,2024-10-30,186.1000061035156,199.2100067138672,17,5.192359384506525,170.52292794999602,False,216.3197401580819,7.044599774520874,2,SMA Exit,1.0,False,False
HINDALCO.NS,R2,Metals & Mining,Named Sector,2024-10-25,2024-11-01,694.5,687.5,18,23.080273923861732,625.2591782284148,False,-150.87599999999838,-1.0079193664506838,5,Time Stop (Day 5 Loss),1.0,False,False
VOLTAS.NS,R2,Consumer Durables,Named Sector,2024-10-28,2024-11-04,1752.0,1638.0999755859375,8,53.674423249647155,1590.9767302510586,False,-938.3209951171848,-6.501142946008133,5,Time Stop (Day 5 Loss),1.0,False,False
MPHASIS.NS,R2,IT,Named Sector,2024-11-06,2024-11-13,2900.0,2854.0,3,93.63705335979861,2619.088839920604,False,-155.2619999999988,-1.5862068965517242,5,Time Stop (Day 5 Loss),1.0,False,False
MFSL.NS,R2,Financial Services,Named Sector,2024-11-12,2024-11-18,1210.800048828125,1234.199951171875,8,36.30685313319369,1101.8794894285438,False,167.6392187500005,1.9325983977616816,3,RSI Overbought,1.0,False,False
EICHERMOT.NS,R2,Auto,Named Sector,2024-11-14,2024-11-18,4725.4501953125,4879.9501953125,5,123.43098517247925,4355.157239795062,False,724.4729980468801,3.2695297509062566,1,SMA Exit,1.0,False,False
MAZDOCK.NS,R2,Capital Goods,Named Sector,2024-11-13,2024-11-21,2021.4749755859373,2037.5,3,90.8851165300474,1748.8196259957951,False,35.89814831543117,0.7927391932921541,4,SMA Exit,1.0,False,False
ULTRACEMCO.NS,R2,Construction Materials,Named Sector,2024-11-14,2024-11-21,10726.0,10594.125155084448,5,221.06255988850393,10062.812320334488,False,-765.974850353181,-1.2294876460521338,4,Initial Stop,1.0,False,False
HINDZINC.NS,R2,Others,Others,2024-11-13,2024-11-22,497.0,488.0,13,19.924986463698016,437.22504060890594,False,-129.80499999999938,-1.8108651911468814,5,Time Stop (Day 5 Loss),1.0,False,False
JSWENERGY.NS,R2,Power,Named Sector,2024-11-26,2024-12-03,670.9500122070312,653.2000122070312,11,29.825284037018566,581.4741600959755,False,-209.81565026855424,-2.6455025973712902,5,Time Stop (Day 5 Loss),1.0,False,False
M&M.NS,R2,Auto,Named Sector,2024-12-24,2024-12-27,2909.39990234375,2987.199951171875,2,78.81725756610938,2672.948129645422,False,143.8068979492191,2.6740926458906857,2,RSI Overbought,1.0,False,False
SUZLON.NS,R2,Capital Goods,Named Sector,2024-12-24,2024-12-30,63.97999954223633,61.23977941202188,8,2.6039153196903126,56.16825358316539,False,-22.92351927334954,-4.2829324004691385,4,Initial Stop,1.0,False,False
RVNL.NS,R2,Construction,Named Sector,2024-12-24,2024-12-30,430.0,405.8687128233931,3,17.209327942380025,378.37201617285996,False,-74.90146766829093,-5.611927250373702,4,Initial Stop,1.0,False,False
BOSCHLTD.NS,R2,Capital Goods,Named Sector,2024-12-24,2025-01-01,34480.0,34121.0,2,750.0651473628225,32229.80455791153,False,-855.2019999999902,-1.041183294663573,5,Time Stop (Day 5 Loss),1.0,False,False
ICICIBANK.NS,R2,Financial Services,Named Sector,2024-12-20,2025-01-01,1283.949951171875,1274.045212306182,14,22.588811365590775,1216.1835170751026,False,-174.47827640839023,-0.7714271772550614,8,Initial Stop,1.0,False,False
JSWENERGY.NS,R2,Power,Named Sector,2024-12-26,2025-01-02,650.0,644.7999877929688,3,21.573922202300825,585.2782333930975,False,-19.484436584472405,-0.8000018780048077,5,Time Stop (Day 5 Loss),1.0,False,False
MFSL.NS,R2,Financial Services,Named Sector,2024-12-24,2025-01-06,1101.050048828125,1079.4881729545336,2,32.377987203647756,1003.9160872171817,False,-47.484828190747976,-1.9583011595649267,9,Initial Stop,1.0,False,False
GODREJPROP.NS,R2,Realty,Named Sector,2025-01-02,2025-01-06,2798.199951171875,2616.10009765625,4,84.25625572991605,2545.4311839821266,False,-750.0566142578118,-6.5077498639567315,3,Initial Stop,1.0,False,False
BAJAJFINSV.NS,R2,Financial Services,Named Sector,2025-05-12,2025-05-13,2024.9000244140625,2046.9000244140625,5,59.14354531660308,1847.4693884642534,False,89.64099975586032,1.0864733929946027,1,SMA Exit,1.0,False,False
INDUSTOWER.NS,R2,Telecom,Named Sector,2025-05-27,2025-05-29,380.5,392.5,29,11.299181263938582,346.60245620818426,False,325.58300000000236,3.1537450722733245,2,SMA Exit,1.0,False,False
GODFRYPHLP.NS,R2,FMCG,Named Sector,2025-06-20,2025-06-25,2676.666748046875,2724.833251953125,3,97.43453743209686,2384.3631357505847,False,128.29501171875108,1.7994957325709822,3,RSI Overbought,1.0,False,False
TATACOMM.NS,R2,Others,Others,2025-06-20,2025-06-26,1648.699951171875,1682.0,8,37.718425631007754,1535.5446742788517,False,239.75479101562632,2.0197761760383233,4,SMA Exit,1.0,False,False
TATACONSUM.NS,R2,FMCG,Named Sector,2025-07-04,2025-07-08,1091.0,1108.0,12,22.27102758967299,1024.186917230981,False,177.612000000001,1.5582034830430798,2,SMA Exit,1.0,False,False
LT.NS,R2,Construction,Named Sector,2025-07-03,2025-07-10,3605.0,3575.0,5,65.30461240312896,3409.0861627906133,False,-185.89999999999782,-0.8321775312066574,5,Time Stop (Day 5 Loss),1.0,False,False
TATASTEEL.NS,R2,Metals & Mining,Named Sector,2025-07-17,2025-07-18,157.5,160.10000610351562,86,3.05708015616641,148.32875953150076,False,196.28692437744394,1.6507975260416665,1,SMA Exit,1.0,False,False
LT.NS,R2,Construction,Named Sector,2025-07-16,2025-07-22,3504.0,3502.0,6,54.1801085348669,3341.4596743953994,False,-54.03599999999642,-0.05707762557077625,4,RSI Overbought,1.0,False,False
BAJFINANCE.NS,R2,Financial Services,Named Sector,2025-07-28,2025-08-04,909.25,874.0,15,21.39274822098813,845.0717553370356,False,-555.4987499999988,-3.87682155622766,5,Time Stop (Day 5 Loss),1.0,False,False
CHOLAFIN.NS,R2,Financial Services,Named Sector,2025-07-28,2025-08-04,1488.0,1422.800048828125,8,41.27192979728328,1364.1842106081501,False,-544.8860097656234,-4.381717148647513,5,Time Stop (Day 5 Loss),1.0,False,False
CGPOWER.NS,R2,Others,Others,2025-07-28,2025-08-04,663.0,655.0499877929688,33,18.06966665292014,608.7910000412396,False,-305.84605242919497,-1.1990968638056183,5,Time Stop (Day 5 Loss),1.0,False,False
HDFCLIFE.NS,R2,Financial Services,Named Sector,2025-08-05,2025-08-07,735.7999877929688,747.0499877929688,43,15.182989619295373,690.2510189350826,False,419.98745104980844,1.528948109083878,2,RSI Overbought,1.0,False,False
LTF.NS,R2,Others,Others,2025-08-11,2025-08-14,195.3000030517578,201.33999633789065,38,5.601466166010793,178.49560455372543,False,214.4474248962415,3.092674445341478,3,RSI Overbought,1.0,False,False
BHARTIHEXA.NS,R2,Telecom,Named Sector,2025-08-08,2025-08-18,1744.800048828125,1703.199951171875,21,60.61199779410705,1562.9640554458038,False,-946.0100507812458,-2.3842329488808893,5,Time Stop (Day 5 Loss),1.0,False,False
SUZLON.NS,R2,Capital Goods,Named Sector,2025-07-28,2025-08-18,63.5,58.06999969482422,153,1.634722980031505,58.595831059905485,False,-849.3902566452016,-8.551181582953985,15,Initial Stop,1.0,False,False
LT.NS,R2,Construction,Named Sector,2025-08-28,2025-09-01,3540.0,3601.0,11,57.06626199046338,3368.80121402861,False,592.4490000000078,1.7231638418079096,2,RSI Overbought,1.0,False,False
BAJAJFINSV.NS,R2,Financial Services,Named Sector,2025-08-28,2025-09-02,1920.0,1945.0,10,36.732023815492596,1809.8039285535222,False,211.35000000000218,1.3020833333333335,3,SMA Exit,1.0,False,False
BANKINDIA.NS,R2,Others,Others,2025-08-29,2025-09-03,110.87000274658205,113.0,25,2.2393975508746515,104.15181009395809,False,47.653181266784486,1.9211664116997769,3,RSI Overbought,1.0,False,False
DLF.NS,R2,Realty,Named Sector,2025-07-29,2025-09-11,786.5,754.0,35,19.383917738194793,728.3482467854157,False,-1191.417499999996,-4.132231404958678,30,Limbo Cap (Day 20),1.0,False,False
HDFCLIFE.NS,R2,Financial Services,Named Sector,2025-09-05,2025-09-11,764.0,777.9500122070312,18,17.55366035872902,711.339018923813,False,223.34511950683736,1.8259178281454518,4,RSI Overbought,1.0,False,False
ASIANPAINT.NS,R2,Consumer Durables,Named Sector,2025-09-16,2025-09-23,2495.0,2472.10009765625,7,42.00631034898254,2368.9810689530523,False,-195.0690170898415,-0.917831757264529,5,Time Stop (Day 5 Loss),1.0,False,False
SRF.NS,R2,Chemicals,Named Sector,2025-09-26,2025-10-03,2879.0,2890.10009765625,5,56.480381036471364,2709.558856890586,False,26.654987792970132,0.38555393040118097,4,SMA Exit,1.0,False,False
PRESTIGE.NS,R2,Realty,Named Sector,2025-09-26,2025-10-03,1535.9000244140625,1549.0999755859375,6,45.836982046463554,1398.3890782746719,False,60.68970703124978,0.8594277597534845,4,RSI Overbought,1.0,False,False
BIOCON.NS,R2,Healthcare,Named Sector,2025-09-26,2025-10-03,349.0,347.6000061035156,26,8.286520599135756,324.14043820259275,False,-54.511441467284385,-0.4011443829468124,4,RSI Overbought,1.0,False,False
GMRAIRPORT.NS,R2,Others,Others,2025-09-29,2025-10-03,87.22000122070312,89.4000015258789,72,1.8940366578428651,81.53789124717453,False,144.24338177490245,2.499427051897727,3,SMA Exit,1.0,False,False
DRREDDY.NS,R2,Healthcare,Named Sector,2025-09-26,2025-10-06,1250.0,1248.199951171875,12,23.282084020199875,1180.1537479394003,False,-51.57898535155982,-0.14400390624999998,5,Time Stop (Day 5 Loss),1.0,False,False
AMBUJACEM.NS,R2,Construction Materials,Named Sector,2025-09-29,2025-10-06,570.7999877929688,576.1500244140625,29,12.724181571970377,532.6274430770576,False,121.88951165771869,0.93728744490342,4,SMA Exit,1.0,False,False
VMM.NS,R2,Others,Others,2025-10-13,2025-10-17,146.25,147.1999969482422,74,3.838743346802896,134.7337699595913,False,48.584474395753205,0.6495705629006411,4,SMA Exit,1.0,False,False
APOLLOHOSP.NS,R2,Healthcare,Named Sector,2025-11-03,2025-11-04,7675.0,7824.5,8,118.53538003035932,7319.393859908922,False,1072.004000000008,1.947882736156352,1,SMA Exit,1.0,False,False
SRF.NS,R2,Chemicals,Named Sector,2025-10-31,2025-11-10,2992.0,2898.0,7,68.9801374255567,2785.05958772333,False,-699.2299999999996,-3.141711229946524,5,Time Stop (Day 5 Loss),1.0,False,False
MOTHERSON.NS,R2,Auto,Named Sector,2025-11-07,2025-11-12,103.91999816894533,105.9000015258789,73,2.5616606576643166,96.23501619595238,False,129.2233850784296,1.9053150421679557,3,RSI Overbought,1.0,False,False
PATANJALI.NS,R2,FMCG,Named Sector,2025-09-29,2025-11-13,590.0,588.2999877929688,24,10.73956830477209,557.7812950856837,False,-69.07949267577897,-0.2881376622086864,30,Limbo Cap (Day 20),1.0,False,False
TATAPOWER.NS,R2,Power,Named Sector,2025-11-07,2025-11-14,390.9500122070313,388.7999877929688,34,7.2064633164028615,369.3306222578227,False,-99.6123300781237,-0.5499486755160744,5,Time Stop (Day 5 Loss),1.0,False,False
PAYTM.NS,R2,Consumer Services,Named Sector,2025-11-24,2025-11-27,1274.5999755859375,1305.0,9,32.38710186895183,1177.438669979082,False,250.3838199462898,2.385063941342657,3,RSI Overbought,1.0,False,False
HUDCO.NS,R2,Others,Others,2025-12-04,2025-12-11,225.4600067138672,212.0,43,6.618284013997065,205.605154671876,False,-597.5910689849843,-5.970019654505454,5,Time Stop (Day 5 Loss),1.0,False,False
NYKAA.NS,R2,Consumer Services,Named Sector,2025-12-04,2025-12-11,257.20001220703125,246.0,42,6.807837878051863,236.77649857287565,False,-491.5349132080064,-4.354592408812128,5,Time Stop (Day 5 Loss),1.0,False,False
360ONE.NS,R2,Others,Others,2025-12-11,2025-12-12,1102.0,1135.199951171875,16,34.98556479533632,997.043305613991,False,495.40401953125183,3.0126997433643377,1,SMA Exit,1.0,False,False
PAYTM.NS,R2,Consumer Services,Named Sector,2025-12-11,2025-12-16,1263.0,1303.0999755859375,18,36.24787149031244,1154.2563855290628,False,675.6097609863318,3.17497827283749,3,SMA Exit,1.0,False,False
MARICO.NS,R2,FMCG,Named Sector,2025-12-01,2025-12-31,717.7000122070312,750.5999755859375,24,13.145993644431403,678.2620312737371,False,754.3599213867201,4.584082878546164,22,Backtest End,1.0,False,False
AUROPHARMA.NS,R2,Healthcare,Named Sector,2025-12-31,2025-12-31,1185.0,1183.0,15,24.03108077472691,1112.9067576758193,False,-65.5199999999968,-0.16877637130801687,1,Backtest End,1.0,False,False
