date,portfolio_value
2017-01-02,100000.0
2017-01-03,100000.0
2017-01-04,100000.0
2017-01-05,100000.0
2017-01-06,100000.0
2017-01-09,100000.0
2017-01-10,100000.0
2017-01-11,99990.02675941467
2017-01-12,99899.86520637512
2017-01-13,99581.81824897767
2017-01-16,99857.08037971497
2017-01-17,99825.39588212586
2017-01-18,100562.90888017273
2017-01-19,100985.19873207093
2017-01-20,99919.80194050599
2017-01-23,100875.70322377015
2017-01-24,101411.86569172669
2017-01-25,103145.93204457093
2017-01-27,102983.52841908265
2017-01-30,102959.35546833802
2017-01-31,100900.36186940003
2017-02-01,100555.38243824769
2017-02-02,101494.46482044984
2017-02-03,101805.16965443421
2017-02-06,103611.40304524232
2017-02-07,103474.02370411683
2017-02-08,105151.66836506654
2017-02-09,105015.89060932923
2017-02-10,104996.66439778138
2017-02-13,103560.06751698304
2017-02-14,103700.567013443
2017-02-15,101527.51680439759
2017-02-16,103150.96221607972
2017-02-17,104083.65745991516
2017-02-20,104096.92351216126
2017-02-21,105129.80145710755
2017-02-22,103995.51783436585
2017-02-23,103325.17237538147
2017-02-27,102919.20086354065
2017-02-28,103587.23343013001
2017-03-01,104008.27797816468
2017-03-02,102878.09047816468
2017-03-03,103521.61746333314
2017-03-06,103668.35713313294
2017-03-07,104333.68164179994
2017-03-08,104230.50921748353
2017-03-09,104140.64944575501
2017-03-10,103953.07953761292
2017-03-14,105993.8898300934
2017-03-15,106410.53051612855
2017-03-16,107366.19656990052
2017-03-17,108149.43951271058
2017-03-20,108254.40113685609
2017-03-21,108845.66231391908
2017-03-22,107666.25827644349
2017-03-23,109455.59971473695
2017-03-24,110325.85234687806
2017-03-27,111217.66365669252
2017-03-28,111308.61196754457
2017-03-29,111691.5124420929
2017-03-30,112578.85909126283
2017-03-31,112860.52045295716
2017-04-03,113178.80648658753
2017-04-05,114575.84201667787
2017-04-06,114580.28595588685
2017-04-07,114113.39811561586
2017-04-10,115980.85160682679
2017-04-11,116972.76489875795
2017-04-12,116940.40529487611
2017-04-13,116428.8693222809
2017-04-17,117115.82712409974
2017-04-18,115966.96492622377
2017-04-19,116579.95505378724
2017-04-20,119800.01368568421
2017-04-21,118890.29197547914
2017-04-24,119693.87504432679
2017-04-25,120025.4771637726
2017-04-26,119481.79371498109
2017-04-27,119373.72554634095
2017-04-28,118453.82044075013
2017-05-02,120554.7360901642
2017-05-03,120321.28866432191
2017-05-04,121164.6155381012
2017-05-05,120738.58093116761
2017-05-08,121556.97554634095
2017-05-09,123031.15639350892
2017-05-10,123618.72181556703
2017-05-11,122965.53513191224
2017-05-12,122582.885916214
2017-05-15,123533.05023048402
2017-05-16,124110.46304939271
2017-05-17,123271.76767585755
2017-05-18,120986.99882362367
2017-05-19,119315.53306434632
2017-05-22,117985.52436683656
2017-05-23,117026.6942276764
2017-05-24,115792.65576789857
2017-05-25,117589.7641281891
2017-05-26,119656.3854889679
2017-05-29,117126.62686012269
2017-05-30,117092.10947273255
2017-05-31,119329.92017982484
2017-06-01,119517.55766914369
2017-06-02,119123.09799812318
2017-06-05,123275.02201698304
2017-06-06,121472.66514442445
2017-06-07,122518.92445991517
2017-06-08,122490.78029487611
2017-06-09,123362.3043122101
2017-06-12,121828.79637001039
2017-06-13,122514.14237068177
2017-06-14,123446.18315742494
2017-06-15,124386.92640541078
2017-06-16,125772.31582496644
2017-06-19,125154.33926246644
2017-06-20,126828.93969581605
2017-06-21,127245.00955055238
2017-06-22,126871.37345741273
2017-06-23,125075.71455238343
2017-06-27,123812.83325813295
2017-06-28,125010.74851844789
2017-06-29,124338.94424293519
2017-06-30,123623.0660233307
2017-07-03,125109.57095191957
2017-07-04,125727.89211891175
2017-07-05,126510.40743232728
2017-07-06,127257.94142890931
2017-07-07,127531.43955322268
2017-07-10,127905.13254638674
2017-07-11,126519.1687402344
2017-07-12,128042.26620874024
2017-07-13,128654.20030603028
2017-07-14,128687.23959741212
2017-07-17,129659.51810083009
2017-07-18,129166.16368493653
2017-07-19,128938.94974145509
2017-07-20,128935.08668908692
2017-07-21,128714.17684741212
2017-07-24,128569.9635600586
2017-07-25,129230.47574043275
2017-07-26,129703.96397209169
2017-07-27,129301.53256225587
2017-07-28,132751.0990047455
2017-07-31,134183.79171562198
2017-08-01,132601.29081153873
2017-08-02,132476.77532768252
2017-08-03,131251.1535148621
2017-08-04,133567.24749946597
2017-08-07,134291.17996788028
2017-08-08,133549.79586648563
2017-08-09,133303.81992578128
2017-08-10,129793.46348619081
2017-08-11,127963.38887885286
2017-08-14,131457.2329614487
2017-08-16,133226.1299043503
2017-08-17,133049.3098626938
2017-08-18,131960.85554369356
2017-08-21,130921.72945459749
2017-08-22,129342.5700517502
2017-08-23,129364.96405657197
2017-08-24,128725.50479372407
2017-08-28,130588.0519796219
2017-08-29,129482.37734468843
2017-08-30,131919.98972566988
2017-08-31,133479.92196901704
2017-09-01,134076.28695628024
2017-09-04,133694.3334026189
2017-09-05,135567.9883050771
2017-09-06,134783.80344675496
2017-09-07,134700.79699800923
2017-09-08,134546.17429159596
2017-09-11,135739.3355674596
2017-09-12,135703.0469541402
2017-09-13,133629.7511453481
2017-09-14,133383.52178333714
2017-09-15,133546.74442575886
2017-09-18,134581.76281975224
2017-09-19,134103.71647261098
2017-09-20,133953.99240662053
2017-09-21,133674.6817453046
2017-09-22,131215.8412392278
2017-09-25,130399.11445023015
2017-09-26,131212.41120935872
2017-09-27,129528.39680267766
2017-09-28,129211.15651394322
2017-09-29,130520.67812468007
2017-10-03,131309.61180522921
2017-10-04,131158.46704128268
2017-10-05,131370.93390682223
2017-10-06,132249.4358191681
2017-10-09,132308.05618049623
2017-10-10,133321.48324348452
2017-10-11,132278.2190528107
2017-10-12,133760.1753668976
2017-10-13,134484.1791510773
2017-10-16,134650.0983405304
2017-10-17,135174.14455940248
2017-10-18,134613.16946174623
2017-10-19,134213.60650398256
2017-10-23,135410.74916865543
2017-10-24,135941.87027766422
2017-10-25,133840.21732356265
2017-10-26,134478.81180262758
2017-10-27,133937.10689234926
2017-10-30,137116.8098342438
2017-10-31,135849.54987025453
2017-11-01,136848.68364405824
2017-11-02,135739.63396144105
2017-11-03,136235.03021693422
2017-11-06,141159.93083644105
2017-11-07,138633.95116114808
2017-11-08,137500.26654505922
2017-11-09,138706.28992152406
2017-11-10,139164.3154037018
2017-11-13,137852.1700484772
2017-11-14,138071.5787856598
2017-11-15,137372.53787684633
2017-11-16,138968.04103440858
2017-11-17,139995.0408818207
2017-11-20,139909.46919451907
2017-11-21,140984.83992205813
2017-11-22,141649.46339617923
2017-11-23,141139.92180072024
2017-11-24,143073.70694171145
2017-11-27,143521.1005879517
2017-11-28,143397.10025225833
2017-11-29,142775.06740008548
2017-11-30,142139.32849322513
2017-12-01,140682.0412770386
2017-12-04,140247.8218790894
2017-12-05,139309.33019512944
2017-12-06,137364.8443247681
2017-12-07,138642.31356304936
2017-12-08,139883.01415509038
2017-12-11,140771.21190899663
2017-12-12,140655.83776348882
2017-12-13,139979.76629132085
2017-12-14,140396.67576641848
2017-12-15,142281.56432766726
2017-12-18,143215.82017178347
2017-12-19,145283.27571530154
2017-12-20,145004.01632542422
2017-12-21,144394.96011395266
2017-12-22,144500.08593601992
2017-12-26,144449.8676872807
2017-12-27,144190.5477753239
2017-12-28,145618.43538480572
2017-12-29,146594.29726987652
2018-01-01,145991.4904003697
2018-01-02,145792.6320534306
2018-01-03,147369.28815275006
2018-01-04,149430.05586820416
2018-01-05,150143.03761106305
2018-01-08,151058.02564626507
2018-01-09,151152.40567785077
2018-01-10,150699.4167786198
2018-01-11,150401.99684148602
2018-01-12,150489.25794988446
2018-01-15,149935.448511179
2018-01-16,147081.26658063702
2018-01-17,148100.72554593853
2018-01-18,147385.6279984074
2018-01-19,149331.11359601788
2018-01-22,150476.51933866314
2018-01-23,151477.49185758404
2018-01-24,149641.340165865
2018-01-25,149132.84687973218
2018-01-29,148701.10923744398
2018-01-30,147360.7838780995
2018-01-31,146589.6268556233
2018-02-01,146309.3420331593
2018-02-02,142101.04102915004
2018-02-05,139691.15214174465
2018-02-06,137928.1017601376
2018-02-07,138116.6917760506
2018-02-08,139556.2528875008
2018-02-09,138895.1519873238
2018-02-12,139406.54230905537
2018-02-14,139723.30046650127
2018-02-15,139665.4481715794
2018-02-16,138499.0500087376
2018-02-19,138087.80049701885
2018-02-20,137376.7620085545
2018-02-21,137258.86253345685
2018-02-22,137889.01307666974
2018-02-23,138024.41279590802
2018-02-26,138149.115422617
2018-02-27,138200.4662832127
2018-02-28,138151.41553248029
2018-03-01,137959.54474668315
2018-03-05,137601.20450620467
2018-03-06,137363.2274554234
2018-03-07,137031.08673887065
2018-03-08,137464.64646177104
2018-03-09,137640.70197324565
2018-03-12,137782.10504941753
2018-03-13,137797.6673357945
2018-03-14,137810.09220151714
2018-03-15,138336.7266009312
2018-03-16,138084.1507037144
2018-03-19,138048.559730814
2018-03-20,137684.59979949382
2018-03-21,137813.36020598796
2018-03-22,137856.65013823894
2018-03-23,137540.2994607487
2018-03-26,137552.50952849773
2018-03-27,137785.61020598796
2018-03-28,137620.07349035074
2018-04-02,137341.67407628824
2018-04-03,137411.27466222574
2018-04-04,137200.07349035074
2018-04-05,137249.8971487427
2018-04-06,137434.82258285524
2018-04-09,137651.2899879036
2018-04-10,137972.44067035295
2018-04-11,139239.9706824837
2018-04-12,138530.79461968614
2018-04-13,138511.85459817125
2018-04-16,138027.68294442372
2018-04-17,137938.49341119005
2018-04-18,138292.13476670458
2018-04-19,140554.71462567715
2018-04-20,140252.65193599515
2018-04-23,139102.72756992152
2018-04-24,134449.85289607814
2018-04-25,131786.95232997707
2018-04-26,133622.40671191982
2018-04-27,134567.38540492824
2018-04-30,136539.00920902065
2018-05-02,133742.18433986476
2018-05-03,132445.33066592983
2018-05-04,131474.8299163418
2018-05-07,133248.92276579863
2018-05-08,132185.55322272307
2018-05-09,131273.22390563018
2018-05-10,129124.81772238736
2018-05-11,131209.9514733029
2018-05-14,130603.49991614347
2018-05-15,128796.29635054593
2018-05-16,129132.04310233121
2018-05-17,128341.3222733212
2018-05-18,126384.09606474882
2018-05-21,126245.91190070158
2018-05-22,126675.87068480498
2018-05-23,125665.08849670988
2018-05-24,126063.71349670988
2018-05-25,127546.32450630766
2018-05-28,127776.66879036528
2018-05-29,127120.39726255613
2018-05-30,127008.34802244382
2018-05-31,127152.46770342832
2018-06-01,127152.46770342832
2018-06-04,127152.46770342832
2018-06-05,127139.75595342832
2018-06-06,127759.40564214902
2018-06-07,127902.20657598691
2018-06-08,127555.40564214902
2018-06-11,127557.95657598691
2018-06-12,127909.85626470762
2018-06-13,127626.80533086973
2018-06-14,127552.85626470762
2018-06-15,127347.97713467223
2018-06-18,126888.67717739684
2018-06-19,126744.85225430113
2018-06-20,126806.00203457457
2018-06-21,126375.74889358337
2018-06-22,127146.52729018981
2018-06-25,125946.44741042907
2018-06-26,125527.90160598571
2018-06-27,125046.47384109313
2018-06-28,125944.25021037109
2018-06-29,125663.06383952148
2018-07-02,125612.1134208203
2018-07-03,125855.10743937499
2018-07-04,124862.1500513745
2018-07-05,124085.86913706786
2018-07-06,122487.38845469481
2018-07-09,123174.30939463622
2018-07-10,123346.34809092528
2018-07-11,123065.44791392333
2018-07-12,123582.868293562
2018-07-13,123178.60260386474
2018-07-16,121032.13281626708
2018-07-17,121473.12270420653
2018-07-18,120935.95433872801
2018-07-19,120382.9703865033
2018-07-20,121486.19255447204
2018-07-23,122764.79404063233
2018-07-24,125019.8482169629
2018-07-25,124792.94453043946
2018-07-26,124679.59201634034
2018-07-27,124733.78159153565
2018-07-30,124219.63063633545
2018-07-31,125070.01925877198
2018-08-01,124463.86791828736
2018-08-02,125340.88085011109
2018-08-03,125371.06856373414
2018-08-06,125100.59225300416
2018-08-07,123561.30705860718
2018-08-08,124737.18684223756
2018-08-09,126130.10998371705
2018-08-10,125681.04841831788
2018-08-13,124144.69240025147
2018-08-14,126132.78738239869
2018-08-16,125780.91875485047
2018-08-17,127648.03951862916
2018-08-20,128889.7610037671
2018-08-21,128924.99235752686
2018-08-23,126591.61244801148
2018-08-24,125337.07234791383
2018-08-27,128292.96076420411
2018-08-28,127829.82605961426
2018-08-29,129579.14187840089
2018-08-30,130321.05390766724
2018-08-31,131654.6690810071
2018-09-03,130151.95018604859
2018-09-04,128374.54340962037
2018-09-05,129816.91200092896
2018-09-06,133691.23153523073
2018-09-07,135660.93496159182
2018-09-10,136437.4744589673
2018-09-11,134089.99182346926
2018-09-12,133622.16526630984
2018-09-14,136349.59901646242
2018-09-17,133853.97123173342
2018-09-18,130868.66081837281
2018-09-19,130092.77935886964
2018-09-21,130329.98577976807
2018-09-24,124894.31660961923
2018-09-25,126949.26552319345
2018-09-26,128528.84169506845
2018-09-27,128282.89088940439
2018-09-28,124839.81502270517
2018-10-01,123500.94316601571
2018-10-03,120937.73301953134
2018-10-04,119770.81719061288
2018-10-05,119537.87756491097
2018-10-08,119537.87756491097
2018-10-09,119537.87756491097
2018-10-10,119537.87756491097
2018-10-11,119537.87756491097
2018-10-12,119537.87756491097
2018-10-15,119537.87756491097
2018-10-16,119537.87756491097
2018-10-17,119537.87756491097
2018-10-19,119537.87756491097
2018-10-22,119537.87756491097
2018-10-23,119537.87756491097
2018-10-24,119537.87756491097
2018-10-25,119537.87756491097
2018-10-26,119537.87756491097
2018-10-29,119537.87756491097
2018-10-30,119537.87756491097
2018-10-31,119537.87756491097
2018-11-01,119537.87756491097
2018-11-02,119537.87756491097
2018-11-05,119537.87756491097
2018-11-06,119537.87756491097
2018-11-07,119537.87756491097
2018-11-09,119537.87756491097
2018-11-12,119537.87756491097
2018-11-13,119537.87756491097
2018-11-14,119537.87756491097
2018-11-15,119537.87756491097
2018-11-16,119537.87756491097
2018-11-19,119502.95810513315
2018-11-20,119421.90758328256
2018-11-21,119398.56465556344
2018-11-22,119398.56465556344
2018-11-26,119398.56465556344
2018-11-27,119398.56465556344
2018-11-28,119398.56465556344
2018-11-29,119386.80340525827
2018-11-30,119284.30325267038
2018-12-03,118732.67289256296
2018-12-04,118330.11820506296
2018-12-05,117283.11676048288
2018-12-06,116081.28947395334
2018-12-07,116011.24407209788
2018-12-10,116011.24407209788
2018-12-11,116011.24407209788
2018-12-12,116011.24407209788
2018-12-13,116011.24407209788
2018-12-14,115999.66327192698
2018-12-17,116220.16327192698
2018-12-18,116160.66327192698
2018-12-19,116138.96344282542
2018-12-20,115982.86310102855
2018-12-21,115653.86310102855
2018-12-24,115654.56293013011
2018-12-26,115635.63510102854
2018-12-27,115635.63510102854
2018-12-28,115635.63510102854
2018-12-31,115635.63510102854
2019-01-01,115635.63510102854
2019-01-02,115635.63510102854
2019-01-03,115635.63510102854
2019-01-04,115635.63510102854
2019-01-07,115635.63510102854
2019-01-08,115635.63510102854
2019-01-09,115635.63510102854
2019-01-10,115635.63510102854
2019-01-11,115624.09816802989
2019-01-14,115567.6983114625
2019-01-15,115392.23145355235
2019-01-16,115229.29845489512
2019-01-17,115016.23145355235
2019-01-18,114909.6983114625
2019-01-21,114967.73984397898
2019-01-22,114967.73984397898
2019-01-23,114967.73984397898
2019-01-24,114967.73984397898
2019-01-25,114967.73984397898
2019-01-28,114967.73984397898
2019-01-29,114967.73984397898
2019-01-30,114967.73984397898
2019-01-31,114967.73984397898
2019-02-01,114967.73984397898
2019-02-04,114956.35891633616
2019-02-05,114807.12640290843
2019-02-06,114705.01988130198
2019-02-07,114530.22190583813
2019-02-08,114016.15604890454
2019-02-11,113401.19234077467
2019-02-12,113736.25670352185
2019-02-14,114346.2571918031
2019-02-15,114258.85435977185
2019-02-18,114084.59714053357
2019-02-19,114084.59714053357
2019-02-20,114084.59714053357
2019-02-21,114084.59714053357
2019-02-22,114084.59714053357
2019-02-25,114084.59714053357
2019-02-26,114084.59714053357
2019-02-27,114084.59714053357
2019-02-28,114084.59714053357
2019-03-01,114084.59714053357
2019-03-05,114073.19370371784
2019-03-06,114761.99158055271
2019-03-07,113155.8461813065
2019-03-08,113123.65976109474
2019-03-11,116214.78509193199
2019-03-12,116097.36408572929
2019-03-13,115796.7875571801
2019-03-14,114261.81259589928
2019-03-15,115222.53630786674
2019-03-18,113763.88416724934
2019-03-19,113087.18826680916
2019-03-20,111270.65247350471
2019-03-22,109172.76000409859
2019-03-25,108576.70225387352
2019-03-26,109255.07793527382
2019-03-27,110814.95562845009
2019-03-28,112204.16267936103
2019-04-01,110348.2503449189
2019-04-02,109277.2493998386
2019-04-03,108801.46091049687
2019-04-04,109116.40828007237
2019-04-05,109979.58534973637
2019-04-08,110651.15461700932
2019-04-09,109857.08969276921
2019-04-10,108494.13192337529
2019-04-11,108973.89364689366
2019-04-12,110044.25662392155
2019-04-15,110096.137449155
2019-04-16,110384.34141243473
2019-04-18,109414.3058260776
2019-04-22,106388.4685191013
2019-04-23,106172.02731216923
2019-04-24,106897.97386826054
2019-04-25,105295.81180656927
2019-04-26,104388.10769260899
2019-04-30,102692.86177814976
2019-05-02,101829.94374931828
2019-05-03,101902.0608140079
2019-05-06,101584.3846388904
2019-05-07,101612.06252917017
2019-05-08,101612.06252917017
2019-05-09,101612.06252917017
2019-05-10,101612.06252917017
2019-05-13,101612.06252917017
2019-05-14,101612.06252917017
2019-05-15,101612.06252917017
2019-05-16,101612.06252917017
2019-05-17,101612.06252917017
2019-05-20,101612.06252917017
2019-05-21,101612.06252917017
2019-05-22,101612.06252917017
2019-05-23,101591.96747873988
2019-05-24,102063.41713999477
2019-05-27,102349.47741892544
2019-05-28,101026.94729672543
2019-05-29,100218.2059827911
2019-05-30,100318.92572842709
2019-05-31,99174.96188837543
2019-06-03,102325.06699981801
2019-06-04,100652.23560180776
2019-06-06,99341.2848590862
2019-06-07,98497.73377456777
2019-06-10,97456.33087577931
2019-06-11,98904.01014701955
2019-06-12,98119.45119087331
2019-06-13,97308.0303782665
2019-06-14,96735.40030471914
2019-06-17,95471.88882438772
2019-06-18,95844.45850937002
2019-06-19,94448.14993135945
2019-06-20,96363.83036463277
2019-06-21,95375.71434182087
2019-06-24,95072.3222195522
2019-06-25,95417.03318184773
2019-06-26,95700.89431958881
2019-06-27,95526.41569715229
2019-06-28,95275.1543903896
2019-07-01,96040.10271840778
2019-07-02,96270.97303968159
2019-07-03,96524.00194745747
2019-07-04,96495.1644898006
2019-07-05,95530.6662388393
2019-07-08,94294.291242654
2019-07-09,94851.71918302265
2019-07-10,94793.56295572773
2019-07-11,94663.00813471332
2019-07-12,94829.57627474323
2019-07-15,94797.16143404499
2019-07-16,94914.904786935
2019-07-17,94827.8583353664
2019-07-18,94766.47428690449
2019-07-19,94692.0755226299
2019-07-22,94738.648467271
2019-07-23,94776.58466264454
2019-07-24,94650.35594674794
2019-07-25,94644.0031016399
2019-07-26,94644.0031016399
2019-07-29,94644.0031016399
2019-07-30,94644.0031016399
2019-07-31,94644.0031016399
2019-08-01,94644.0031016399
2019-08-02,94644.0031016399
2019-08-05,94644.0031016399
2019-08-06,94644.0031016399
2019-08-07,94644.0031016399
2019-08-08,94644.0031016399
2019-08-09,94644.0031016399
2019-08-13,94644.0031016399
2019-08-14,94644.0031016399
2019-08-16,94644.0031016399
2019-08-19,94644.0031016399
2019-08-20,94644.0031016399
2019-08-21,94644.0031016399
2019-08-22,94644.0031016399
2019-08-23,94644.0031016399
2019-08-26,94644.0031016399
2019-08-27,94644.0031016399
2019-08-28,94644.0031016399
2019-08-29,94644.0031016399
2019-08-30,94644.0031016399
2019-09-03,94644.0031016399
2019-09-04,94644.0031016399
2019-09-05,94644.0031016399
2019-09-06,94644.0031016399
2019-09-09,94644.0031016399
2019-09-11,94644.0031016399
2019-09-12,94644.0031016399
2019-09-13,94644.0031016399
2019-09-16,94644.0031016399
2019-09-17,94644.0031016399
2019-09-18,94644.0031016399
2019-09-19,94644.0031016399
2019-09-20,94644.0031016399
2019-09-23,94625.42760206715
2019-09-24,94174.81759254567
2019-09-25,93339.86139552419
2019-09-26,95396.99622981374
2019-09-27,95615.04333369558
2019-09-30,95346.53426551931
2019-10-01,94898.63923072927
2019-10-03,95288.89231300466
2019-10-04,94129.38551521413
2019-10-07,93886.98809930532
2019-10-09,93886.98809930532
2019-10-10,93886.98809930532
2019-10-11,93886.98809930532
2019-10-14,93886.98809930532
2019-10-15,93886.98809930532
2019-10-16,93886.98809930532
2019-10-17,93886.98809930532
2019-10-18,93886.98809930532
2019-10-22,93886.98809930532
2019-10-23,93886.98809930532
2019-10-24,93886.98809930532
2019-10-25,93886.98809930532
2019-10-27,93877.63849914663
2019-10-29,93937.43818176382
2019-10-30,93943.1241990673
2019-10-31,94179.1236497509
2019-11-01,93712.57317367668
2019-11-04,93659.01031764335
2019-11-05,93708.23398072548
2019-11-06,93928.12827164955
2019-11-07,94137.77419526405
2019-11-08,93919.41245896644
2019-11-11,94137.48761231727
2019-11-13,94219.0888581974
2019-11-14,94651.70754105873
2019-11-15,94562.08288819618
2019-11-18,95101.49935395546
2019-11-19,94666.94302613563
2019-11-20,94408.31865937538
2019-11-21,94316.33404786415
2019-11-22,94236.02773911781
2019-11-25,94795.91696469611
2019-11-26,94410.51173322028
2019-11-27,94140.37169186896
2019-11-28,94825.90632550544
2019-11-29,95126.82627026862
2019-12-02,95164.0904337818
2019-12-03,93772.82218669319
2019-12-04,93982.78702662849
2019-12-05,93684.00683329963
2019-12-06,93350.02161906623
2019-12-09,93505.70660518073
2019-12-10,93566.65220759773
2019-12-11,93707.44211696052
2019-12-12,93956.82668803596
2019-12-13,94069.92731974983
2019-12-16,93925.21729396247
2019-12-17,94073.49221116828
2019-12-18,94921.92864686775
2019-12-19,95610.63842088508
2019-12-20,95330.95293885993
2019-12-23,95313.6886146717
2019-12-24,95232.78447801399
2019-12-26,95541.36311036872
2019-12-27,95961.55532914924
2019-12-30,94769.21030885505
2019-12-31,93992.89825898933
2020-01-01,94400.4495056324
2020-01-02,94750.53720552253
2020-01-03,94953.09516984748
2020-01-06,92338.6498420887
2020-01-07,93764.33411104011
2020-01-08,93939.9302490406
2020-01-09,95813.17032701301
2020-01-10,95604.37231523322
2020-01-13,97216.16970903205
2020-01-14,97652.0937545948
2020-01-15,98181.17496949958
2020-01-16,98324.51483995246
2020-01-17,99569.11002809333
2020-01-20,97242.98937303352
2020-01-21,95890.34854966926
2020-01-22,95923.43807298469
2020-01-23,96843.78762513923
2020-01-24,97891.66334611701
2020-01-27,97594.48846513557
2020-01-28,96582.96739656257
2020-01-29,98056.66470796394
2020-01-30,100152.4701393299
2020-01-31,102229.77200395393
2020-02-03,101903.70596391486
2020-02-04,103029.85454637336
2020-02-05,106745.34603196906
2020-02-06,108027.88612443733
2020-02-07,107897.9621856861
2020-02-10,113220.89078599738
2020-02-11,110526.66347581672
2020-02-12,113156.64610750007
2020-02-13,114775.12595063972
2020-02-14,110651.95195466804
2020-02-17,108726.60809404182
2020-02-18,109370.32118684577
2020-02-19,111243.56419069099
2020-02-20,113673.93654130746
2020-02-24,110850.51706575204
2020-02-25,108607.27742803383
2020-02-26,108927.09571111489
2020-02-27,108628.05221073341
2020-02-28,108628.05221073341
2020-03-02,108628.05221073341
2020-03-03,108628.05221073341
2020-03-04,108628.05221073341
2020-03-05,108628.05221073341
2020-03-06,108628.05221073341
2020-03-09,108628.05221073341
2020-03-11,108628.05221073341
2020-03-12,108628.05221073341
2020-03-13,108628.05221073341
2020-03-16,108628.05221073341
2020-03-17,108628.05221073341
2020-03-18,108628.05221073341
2020-03-19,108628.05221073341
2020-03-20,108628.05221073341
2020-03-23,108628.05221073341
2020-03-24,108628.05221073341
2020-03-25,108628.05221073341
2020-03-26,108628.05221073341
2020-03-27,108628.05221073341
2020-03-30,108628.05221073341
2020-03-31,108628.05221073341
2020-04-01,108628.05221073341
2020-04-03,108628.05221073341
2020-04-07,108628.05221073341
2020-04-08,108628.05221073341
2020-04-09,108628.05221073341
2020-04-13,108628.05221073341
2020-04-15,108628.05221073341
2020-04-16,108628.05221073341
2020-04-17,108628.05221073341
2020-04-20,108628.05221073341
2020-04-21,108628.05221073341
2020-04-22,108628.05221073341
2020-04-23,108628.05221073341
2020-04-24,108628.05221073341
2020-04-27,108628.05221073341
2020-04-28,108628.05221073341
2020-04-29,108628.05221073341
2020-04-30,108628.05221073341
2020-05-04,108628.05221073341
2020-05-05,108628.05221073341
2020-05-06,108628.05221073341
2020-05-07,108628.05221073341
2020-05-08,108628.05221073341
2020-05-11,108628.05221073341
2020-05-12,108628.05221073341
2020-05-13,108628.05221073341
2020-05-14,108628.05221073341
2020-05-15,108628.05221073341
2020-05-18,108628.05221073341
2020-05-19,108628.05221073341
2020-05-20,108628.05221073341
2020-05-21,108628.05221073341
2020-05-22,108628.05221073341
2020-05-26,108628.05221073341
2020-05-27,108628.05221073341
2020-05-28,108628.05221073341
2020-05-29,108628.05221073341
2020-06-01,108628.05221073341
2020-06-02,108628.05221073341
2020-06-03,108628.05221073341
2020-06-04,108628.05221073341
2020-06-05,108628.05221073341
2020-06-08,108628.05221073341
2020-06-09,108628.05221073341
2020-06-10,108628.05221073341
2020-06-11,108628.05221073341
2020-06-12,108628.05221073341
2020-06-15,108628.05221073341
2020-06-16,108628.05221073341
2020-06-17,108628.05221073341
2020-06-18,108628.05221073341
2020-06-19,108628.05221073341
2020-06-22,108628.05221073341
2020-06-23,108628.05221073341
2020-06-24,108628.05221073341
2020-06-25,108628.05221073341
2020-06-26,108628.05221073341
2020-06-29,108628.05221073341
2020-06-30,108628.05221073341
2020-07-01,108628.05221073341
2020-07-02,108628.05221073341
2020-07-03,108628.05221073341
2020-07-06,108628.05221073341
2020-07-07,108628.05221073341
2020-07-08,108628.05221073341
2020-07-09,108628.05221073341
2020-07-10,108628.05221073341
2020-07-13,108628.05221073341
2020-07-14,108628.05221073341
2020-07-15,108628.05221073341
2020-07-16,108628.05221073341
2020-07-17,108628.05221073341
2020-07-20,108628.05221073341
2020-07-21,108628.05221073341
2020-07-22,108628.05221073341
2020-07-23,108628.05221073341
2020-07-24,108628.05221073341
2020-07-27,108628.05221073341
2020-07-28,108628.05221073341
2020-07-29,108628.05221073341
2020-07-30,108628.05221073341
2020-07-31,108628.05221073341
2020-08-03,108628.05221073341
2020-08-04,108628.05221073341
2020-08-05,108628.05221073341
2020-08-06,108628.05221073341
2020-08-07,108628.05221073341
2020-08-10,108628.05221073341
2020-08-11,108628.05221073341
2020-08-12,108628.05221073341
2020-08-13,108628.05221073341
2020-08-14,108628.05221073341
2020-08-17,108628.05221073341
2020-08-18,108628.05221073341
2020-08-19,108628.05221073341
2020-08-20,108628.05221073341
2020-08-21,108628.05221073341
2020-08-24,108628.05221073341
2020-08-25,108628.05221073341
2020-08-26,108628.05221073341
2020-08-27,108628.05221073341
2020-08-28,108628.05221073341
2020-08-31,108628.05221073341
2020-09-01,108628.05221073341
2020-09-02,108628.05221073341
2020-09-03,108628.05221073341
2020-09-04,108628.05221073341
2020-09-07,108628.05221073341
2020-09-08,108636.99121073341
2020-09-09,108648.84130838966
2020-09-10,108728.74121073341
2020-09-11,108724.8257107334
2020-09-14,108724.8257107334
2020-09-15,108724.8257107334
2020-09-16,108724.8257107334
2020-09-17,108724.8257107334
2020-09-18,108724.8257107334
2020-09-21,108721.33964286231
2020-09-22,108677.89921317481
2020-09-23,108671.7249148073
2020-09-24,108286.25896269701
2020-09-25,108726.65889269732
2020-09-28,108887.86357269762
2020-09-29,108887.86357269762
2020-09-30,108887.86357269762
2020-10-01,108887.86357269762
2020-10-05,108887.86357269762
2020-10-06,108887.86357269762
2020-10-07,108887.86357269762
2020-10-08,108887.86357269762
2020-10-09,108887.86357269762
2020-10-12,108887.86357269762
2020-10-13,108887.86357269762
2020-10-14,108887.86357269762
2020-10-15,108860.92989445971
2020-10-16,108928.1298303728
2020-10-19,108954.3798303728
2020-10-20,109065.67989445971
2020-10-21,109082.6436945238
2020-10-22,109082.6436945238
2020-10-23,109082.6436945238
2020-10-26,109082.6436945238
2020-10-27,109082.6436945238
2020-10-28,109082.6436945238
2020-10-29,109082.6436945238
2020-10-30,109082.6436945238
2020-11-02,109082.6436945238
2020-11-03,109073.80749432849
2020-11-04,109400.80749432849
2020-11-05,109365.40710370349
2020-11-06,109416.00768964099
2020-11-09,109531.01131464099
2020-11-10,109908.91923865222
2020-11-11,110584.48518713855
2020-11-12,110729.30156287097
2020-11-13,110420.70323523425
2020-11-14,110521.56057354831
2020-11-17,111108.70428628635
2020-11-18,109776.57255456639
2020-11-19,109832.78279016209
2020-11-20,110694.20946023655
2020-11-23,111403.42754266453
2020-11-24,111584.75260827733
2020-11-25,111119.24236200047
2020-11-26,112129.50426767064
2020-11-27,112668.94207284642
2020-12-01,114666.82465264988
2020-12-02,119539.57167718602
2020-12-03,120496.6362108965
2020-12-04,120112.81375453663
2020-12-07,121211.44184062672
2020-12-08,122058.14854762745
2020-12-09,123383.94969508839
2020-12-10,123241.31569621754
2020-12-11,125198.75212428761
2020-12-14,126715.00612209033
2020-12-15,126086.48356960011
2020-12-16,126571.67213771534
2020-12-17,125248.63695094777
2020-12-18,125713.5100855608
2020-12-21,117886.89976070118
2020-12-22,118976.27368877125
2020-12-23,120263.22693965626
2020-12-24,121271.28555247975
2020-12-28,122331.21305797291
2020-12-29,123133.94752834034
2020-12-30,123128.64366862965
2020-12-31,124328.45321986866
2021-01-01,126153.10121867848
2021-01-04,128134.86028239918
2021-01-05,127846.76099727345
2021-01-06,127608.35818813038
2021-01-07,127500.40306041432
2021-01-08,129636.91179225636
2021-01-11,130812.76109645558
2021-01-12,132059.46841380786
2021-01-13,131272.99516627978
2021-01-14,131575.5521845598
2021-01-15,130555.76341579152
2021-01-18,128205.28332088185
2021-01-19,130858.37729594899
2021-01-20,130622.2535242815
2021-01-21,128840.22840831471
2021-01-22,126755.31932399464
2021-01-25,124973.79655025197
2021-01-27,124633.10814616871
2021-01-28,124232.33140132618
2021-01-29,123751.33624217701
2021-02-01,124265.44921619892
2021-02-02,124485.9490941286
2021-02-03,124506.76035023213
2021-02-04,124506.76035023213
2021-02-05,124506.76035023213
2021-02-08,124506.76035023213
2021-02-09,124506.76035023213
2021-02-10,124506.76035023213
2021-02-11,124506.76035023213
2021-02-12,124506.76035023213
2021-02-15,124506.76035023213
2021-02-16,124506.76035023213
2021-02-17,124506.76035023213
2021-02-18,124506.76035023213
2021-02-19,124506.76035023213
2021-02-22,124506.76035023213
2021-02-23,124506.76035023213
2021-02-24,124506.76035023213
2021-02-25,124506.76035023213
2021-02-26,124506.76035023213
2021-03-01,124506.76035023213
2021-03-02,124506.76035023213
2021-03-03,124506.76035023213
2021-03-04,124506.76035023213
2021-03-05,124506.76035023213
2021-03-08,124506.76035023213
2021-03-09,124506.76035023213
2021-03-10,124506.76035023213
2021-03-12,124506.76035023213
2021-03-15,124506.76035023213
2021-03-16,124506.76035023213
2021-03-17,124506.76035023213
2021-03-18,124575.65435059834
2021-03-19,124601.15435059834
2021-03-22,124478.83632618429
2021-03-23,124409.79628712179
2021-03-24,123879.39595753195
2021-03-25,123515.25563770773
2021-03-26,124309.23793800069
2021-03-30,124421.24301124288
2021-03-31,124421.24301124288
2021-04-01,124421.24301124288
2021-04-05,124421.24301124288
2021-04-06,124421.24301124288
2021-04-07,124421.24301124288
2021-04-08,124421.24301124288
2021-04-09,124409.06106068136
2021-04-12,123647.72579700948
2021-04-13,124406.41051990987
2021-04-15,124949.88447041035
2021-04-16,125741.0123008547
2021-04-19,126096.62191999532
2021-04-20,126419.2105430422
2021-04-22,126375.39289411642
2021-04-23,125821.0041001711
2021-04-26,125699.00483259298
2021-04-27,125948.68390974142
2021-04-28,126022.48942158224
2021-04-29,126224.10826679709
2021-04-30,126568.3886623049
2021-05-03,126369.59703632834
2021-05-04,125464.62926289084
2021-05-05,125947.56606330589
2021-05-06,126321.86135871605
2021-05-07,127064.36172492699
2021-05-10,129355.40374213891
2021-05-11,129674.47991401391
2021-05-12,128928.30315620141
2021-05-14,127822.20263129906
2021-05-17,128313.77034876731
2021-05-18,129171.30631087975
2021-05-19,129525.46826281457
2021-05-20,128968.38777520088
2021-05-21,129824.21983696846
2021-05-24,130158.96912743477
2021-05-25,129443.55672432808
2021-05-26,130861.60080124764
2021-05-27,130758.13212563423
2021-05-28,130090.55889870552
2021-05-31,129815.34812714485
2021-06-01,131193.06153084664
2021-06-02,133199.01027466683
2021-06-03,134295.88922097115
2021-06-04,134645.15486695198
2021-06-07,134577.600513238
2021-06-08,135159.03210808663
2021-06-09,134109.68510796456
2021-06-10,136407.86748864083
2021-06-11,137706.58059098152
2021-06-14,137639.13166214852
2021-06-15,137792.10669686226
2021-06-16,137152.62653710274
2021-06-17,135529.2413499537
2021-06-18,135005.93687226204
2021-06-21,136125.08925034432
2021-06-22,136617.6838510218
2021-06-23,135918.5336721125
2021-06-24,134707.6728265467
2021-06-25,136472.96276833443
2021-06-28,137494.45560433296
2021-06-29,137352.44903923897
2021-06-30,137872.29219223885
2021-07-01,138574.33561493782
2021-07-02,138702.10996415047
2021-07-05,139774.5619142237
2021-07-06,139708.42158280892
2021-07-07,140034.6212001948
2021-07-08,138993.76039659066
2021-07-09,139719.25690995736
2021-07-12,139604.56988488717
2021-07-13,139961.71895371957
2021-07-14,139455.14695512337
2021-07-15,139277.01386415047
2021-07-16,140055.73609696908
2021-07-19,140147.3062378077
2021-07-20,138568.45605364937
2021-07-22,139366.13866892952
2021-07-23,139035.27769557136
2021-07-26,138441.42420283455
2021-07-27,135517.43618098396
2021-07-28,134797.24215403694
2021-07-29,135330.25110903877
2021-07-30,136543.04348817392
2021-08-02,137203.04156617683
2021-08-03,137846.6224472956
2021-08-04,136628.13512162727
2021-08-05,136456.28823594612
2021-08-06,137267.7896664576
2021-08-09,137083.75144325203
2021-08-10,136776.6798947901
2021-08-11,138405.25170265144
2021-08-12,138344.80036674446
2021-08-13,138164.16728277341
2021-08-16,139199.3271643652
2021-08-17,138787.42222662107
2021-08-18,140100.91565432493
2021-08-20,140213.63222805542
2021-08-23,140114.74257961792
2021-08-24,141482.03267971557
2021-08-25,141312.6756704382
2021-08-26,141675.01725552123
2021-08-27,142340.67905972045
2021-08-30,143989.47184536498
2021-08-31,145625.57273647827
2021-09-01,146301.3303658728
2021-09-02,146332.86637661498
2021-09-03,145666.86137173217
2021-09-06,144352.55386733764
2021-09-07,142775.29747390503
2021-09-08,144314.93872451538
2021-09-09,145421.3333778357
2021-09-13,145101.4239082312
2021-09-14,144304.01814135496
2021-09-15,145221.32438525144
2021-09-16,146299.11401110596
2021-09-17,145495.5431435675
2021-09-20,143936.5087712378
2021-09-21,145651.14917784638
2021-09-22,145898.99056210465
2021-09-23,147554.5295225615
2021-09-24,147709.01592411942
2021-09-27,147898.41843762345
2021-09-28,146580.65548577256
2021-09-29,146972.41447224564
2021-09-30,147909.53454937882
2021-10-01,147577.70132031388
2021-10-04,148184.57776226944
2021-10-05,149232.5626382536
2021-10-06,148176.35924431746
2021-10-07,148301.78525921766
2021-10-08,147719.96550747816
2021-10-11,147872.80477139418
2021-10-12,148618.76977536146
2021-10-13,149169.72435662214
2021-10-14,149001.28432270949
2021-10-18,149186.3509139723
2021-10-19,147251.72315403883
2021-10-20,146489.431991548
2021-10-21,148215.47744770377
2021-10-22,147682.91860218375
2021-10-25,146372.41340656608
2021-10-26,146401.614113048
2021-10-27,147241.16372700065
2021-10-28,144181.3744508776
2021-10-29,143221.11640186637
2021-11-01,145816.55170307486
2021-11-02,145694.34038410513
2021-11-03,145858.83112202017
2021-11-04,145747.16962159294
2021-11-08,148001.07328675408
2021-11-09,148995.60948823113
2021-11-10,149358.3550708117
2021-11-11,149506.5806491198
2021-11-12,150548.61979554314
2021-11-15,149873.00720838492
2021-11-16,149888.50128034537
2021-11-17,149651.79619459098
2021-11-18,149941.97590497916
2021-11-22,148540.21185926383
2021-11-23,150174.91315320914
2021-11-24,149647.15030860464
2021-11-25,150777.05182838003
2021-11-26,150008.72716865104
2021-11-29,147240.30642756217
2021-11-30,148795.9733211779
2021-12-01,151274.9529812121
2021-12-02,152503.12043915887
2021-12-03,152273.37462171502
2021-12-06,151516.82436689324
2021-12-07,152757.77355512566
2021-12-08,153745.22476514764
2021-12-09,155043.62043213984
2021-12-10,155672.11892914912
2021-12-13,155219.26911378046
2021-12-14,157739.2815319323
2021-12-15,157599.83024561638
2021-12-16,155197.478675487
2021-12-17,153962.87870753044
2021-12-20,150524.2713641009
2021-12-21,150859.2212504229
2021-12-22,152888.11852062555
2021-12-23,154352.5710123858
2021-12-24,151175.6201227984
2021-12-27,152867.56908977838
2021-12-28,153549.5079793658
2021-12-29,154269.1070203509
2021-12-30,151939.90673730036
2021-12-31,155631.80593392512
2022-01-03,155557.66025063655
2022-01-04,154882.7055043902
2022-01-05,157405.00562569758
2022-01-06,157024.0592908587
2022-01-07,156471.15701195857
2022-01-10,157180.76261819026
2022-01-11,159078.61179650447
2022-01-12,163220.32929281183
2022-01-13,163919.83229497858
2022-01-14,164233.78001073786
2022-01-17,166822.48261693903
2022-01-18,165735.82981542536
2022-01-19,167584.8791432757
2022-01-20,166171.2313886065
2022-01-21,163094.7320943255
2022-01-24,157574.98201803156
2022-01-25,161236.33162359186
2022-01-27,155702.78157857843
2022-01-28,155889.42218740412
2022-01-31,155888.82187993953
2022-02-01,157213.72225912043
2022-02-02,158147.7277076144
2022-02-03,157681.0276572604
2022-02-04,157683.3762748141
2022-02-07,158450.62804483363
2022-02-08,156676.4774024386
2022-02-09,156160.27845071742
2022-02-10,157175.6769034762
2022-02-11,156218.37720474575
2022-02-14,151903.30644778773
2022-02-15,154521.30321292445
2022-02-16,154206.34222653531
2022-02-17,156716.76133389614
2022-02-18,155875.060062839
2022-02-21,153388.7618221774
2022-02-22,152485.2098965182
2022-02-23,152809.0700039859
2022-02-24,152809.0700039859
2022-02-25,152809.0700039859
2022-02-28,152809.0700039859
2022-03-02,152809.0700039859
2022-03-03,152809.0700039859
2022-03-04,152809.0700039859
2022-03-07,152809.0700039859
2022-03-08,152809.0700039859
2022-03-09,152809.0700039859
2022-03-10,152809.0700039859
2022-03-11,152809.0700039859
2022-03-14,152809.0700039859
2022-03-15,152809.0700039859
2022-03-16,152809.0700039859
2022-03-17,152809.0700039859
2022-03-21,152809.0700039859
2022-03-22,152809.0700039859
2022-03-23,152809.0700039859
2022-03-24,152794.6320039859
2022-03-25,152838.2316133609
2022-03-28,152761.0151992984
2022-03-29,152722.41525423003
2022-03-30,152424.01486360503
2022-03-31,152227.01455842925
2022-04-01,152118.81530916167
2022-04-04,152422.01455842925
2022-04-05,152591.01486360503
2022-04-06,152793.81564485503
2022-04-07,152531.11129469922
2022-04-08,152441.8095454698
2022-04-11,151903.85991854718
2022-04-12,151188.60968585065
2022-04-13,150882.51040358594
2022-04-18,150515.1831015611
2022-04-19,148221.82525694137
2022-04-20,150572.87781393295
2022-04-21,152831.22843038803
2022-04-22,151894.48147928482
2022-04-25,149792.92815415817
2022-04-26,151123.48146836716
2022-04-27,149223.17385899977
2022-04-28,149010.6760038133
2022-04-29,147490.32679116682
2022-05-02,147913.02389562086
2022-05-04,145813.72647130446
2022-05-05,146655.81232196384
2022-05-06,146655.81232196384
2022-05-09,146655.81232196384
2022-05-10,146655.81232196384
2022-05-11,146655.81232196384
2022-05-12,146655.81232196384
2022-05-13,146655.81232196384
2022-05-16,146655.81232196384
2022-05-17,146655.81232196384
2022-05-18,146655.81232196384
2022-05-19,146655.81232196384
2022-05-20,146655.81232196384
2022-05-23,146655.81232196384
2022-05-24,146655.81232196384
2022-05-25,146655.81232196384
2022-05-26,146655.81232196384
2022-05-27,146655.81232196384
2022-05-30,146655.81232196384
2022-05-31,146655.81232196384
2022-06-01,146655.81232196384
2022-06-02,146655.81232196384
2022-06-03,146655.81232196384
2022-06-06,146655.81232196384
2022-06-07,146655.81232196384
2022-06-08,146655.81232196384
2022-06-09,146655.81232196384
2022-06-10,146655.81232196384
2022-06-13,146655.81232196384
2022-06-14,146655.81232196384
2022-06-15,146655.81232196384
2022-06-16,146655.81232196384
2022-06-17,146655.81232196384
2022-06-20,146655.81232196384
2022-06-21,146655.81232196384
2022-06-22,146655.81232196384
2022-06-23,146655.81232196384
2022-06-24,146655.81232196384
2022-06-27,146655.81232196384
2022-06-28,146655.81232196384
2022-06-29,146655.81232196384
2022-06-30,146655.81232196384
2022-07-01,146655.81232196384
2022-07-04,146655.81232196384
2022-07-05,146655.81232196384
2022-07-06,146655.81232196384
2022-07-07,146655.81232196384
2022-07-08,146655.81232196384
2022-07-11,146655.81232196384
2022-07-12,146655.81232196384
2022-07-13,146655.81232196384
2022-07-14,146655.81232196384
2022-07-15,146655.81232196384
2022-07-18,146655.81232196384
2022-07-19,146655.81232196384
2022-07-20,146655.81232196384
2022-07-21,146641.58177234227
2022-07-22,146214.36392937048
2022-07-25,146437.66316948278
2022-07-26,145399.51412163122
2022-07-27,145354.83084833104
2022-07-28,145388.4468151279
2022-07-29,145485.72079034767
2022-08-01,146398.58565851173
2022-08-02,147396.55154547462
2022-08-03,146738.4833502689
2022-08-04,147493.30888127477
2022-08-05,146466.1318259159
2022-08-08,148063.1352972904
2022-08-10,149158.2915472904
2022-08-11,149056.7531638065
2022-08-12,149763.05469273718
2022-08-16,150241.62884282263
2022-08-17,152671.03265141638
2022-08-18,153775.17304753454
2022-08-19,152491.43501042516
2022-08-22,149459.6121344486
2022-08-23,150265.4292047859
2022-08-24,150817.46664794692
2022-08-25,151311.29736217269
2022-08-26,151981.4034125534
2022-08-29,150863.89834949645
2022-08-30,153375.99752685698
2022-09-01,157604.43391105803
2022-09-02,156188.9188849655
2022-09-05,157178.28575393828
2022-09-06,158979.09454986724
2022-09-07,158678.60901901397
2022-09-08,167951.09938308867
2022-09-09,171910.91031334075
2022-09-12,172415.44605323943
2022-09-13,172860.25870391997
2022-09-14,180760.63506767424
2022-09-15,180235.585045549
2022-09-16,172862.0616824356
2022-09-19,174930.03388473662
2022-09-20,176883.79806682738
2022-09-21,176300.807160112
2022-09-22,175645.95929786834
2022-09-23,173170.80744621428
2022-09-26,170317.65816240842
2022-09-27,168768.12324362333
2022-09-28,168113.5478900009
2022-09-29,169177.07964095936
2022-09-30,169216.76952133045
2022-10-03,169033.99973068104
2022-10-04,169080.9416708666
2022-10-06,169064.1532215868
2022-10-07,169255.9032215868
2022-10-10,169370.95394180165
2022-10-11,169202.80358169423
2022-10-12,169353.2546620165
2022-10-13,169335.55358169423
2022-10-14,169099.55358169423
2022-10-17,168612.80358169423
2022-10-18,168828.1532215868
2022-10-19,168881.2546620165
2022-10-20,168698.35430190907
2022-10-21,168863.55358169423
2022-10-24,168966.8474427782
2022-10-25,169017.89816299305
2022-10-27,169158.41255288562
2022-10-28,168328.81419473133
2022-10-31,170140.4159403368
2022-11-01,171152.86299233875
2022-11-02,171100.31468301258
2022-11-03,171113.05824636325
2022-11-04,172410.2685582529
2022-11-07,172943.53818868502
2022-11-09,172832.38830922946
2022-11-10,171570.411689509
2022-11-11,173360.31045507296
2022-11-14,174738.23959325656
2022-11-15,174921.83753942355
2022-11-16,174103.58727239474
2022-11-17,174024.25904058322
2022-11-18,172960.57758306368
2022-11-21,173427.75828527316
2022-11-22,173683.03578542575
2022-11-23,173927.4070660959
2022-11-24,174093.68007253512
2022-11-25,175378.5888783823
2022-11-28,174868.5778424631
2022-11-29,174974.78672002658
2022-11-30,176434.40016149386
2022-12-01,176574.386840571
2022-12-02,176167.7575452219
2022-12-05,176817.84953283175
2022-12-06,177980.61909459933
2022-12-07,179696.4400136362
2022-12-08,180137.8593823801
2022-12-09,178142.7505681406
2022-12-12,178697.63930486544
2022-12-13,178177.13918279513
2022-12-14,177939.1901318918
2022-12-15,177857.8875348459
2022-12-16,177376.6297185312
2022-12-19,179309.00904058322
2022-12-20,178985.06970952853
2022-12-21,176458.2438408762
2022-12-22,175797.0544106394
2022-12-23,168799.7409101816
2022-12-26,172732.48666060885
2022-12-27,175276.0162893625
2022-12-28,174524.6670398508
2022-12-29,175006.8321437937
2022-12-30,175300.83064843237
2023-01-02,176934.751356135
2023-01-03,178130.06894875586
2023-01-04,177657.66927910864
2023-01-05,178657.22969628393
2023-01-06,177679.128599177
2023-01-09,178874.64272881567
2023-01-10,178200.61151314795
2023-01-11,177549.48988152563
2023-01-12,177629.57114220678
2023-01-13,178591.31950188696
2023-01-16,177574.31879998266
2023-01-17,177473.39900780737
2023-01-18,178340.5489330393
2023-01-19,179161.3399601084
2023-01-20,177116.78001595556
2023-01-23,176864.17616523991
2023-01-24,177261.2160746027
2023-01-25,176548.75600685368
2023-01-27,174683.66946177924
2023-01-30,174452.50415187323
2023-01-31,175970.6202274729
2023-02-01,174555.32770122777
2023-02-02,175149.46527446996
2023-02-03,176658.2149387766
2023-02-06,177722.9462543894
2023-02-07,178751.4569736887
2023-02-08,175775.05474437962
2023-02-09,174297.27913250218
2023-02-10,175214.17296404514
2023-02-13,172552.31706041965
2023-02-14,169928.79234881076
2023-02-15,171494.75500292453
2023-02-16,173240.10766405734
2023-02-17,170627.9233130442
2023-02-20,169997.6298865305
2023-02-21,170180.01642980444
2023-02-22,169346.21507206975
2023-02-23,169321.3484796015
2023-02-24,169321.3484796015
2023-02-27,169321.3484796015
2023-02-28,169321.3484796015
2023-03-01,169321.3484796015
2023-03-02,169321.3484796015
2023-03-03,169321.3484796015
2023-03-06,169321.3484796015
2023-03-08,169304.58508018745
2023-03-09,169033.9859590937
2023-03-10,168751.68566612495
2023-03-13,168711.49916612494
2023-03-14,168711.49916612494
2023-03-15,168711.49916612494
2023-03-16,168711.49916612494
2023-03-17,168711.49916612494
2023-03-20,168711.49916612494
2023-03-21,168711.49916612494
2023-03-22,168711.49916612494
2023-03-23,168711.49916612494
2023-03-24,168711.49916612494
2023-03-27,168711.49916612494
2023-03-28,168711.49916612494
2023-03-29,168711.49916612494
2023-03-31,168711.49916612494
2023-04-03,168711.49916612494
2023-04-05,168694.65042399848
2023-04-06,168597.92038249457
2023-04-10,168446.57846354926
2023-04-11,168553.1699655024
2023-04-12,168457.77454191842
2023-04-13,168090.74277336372
2023-04-17,167711.04200090282
2023-04-18,168282.59402183787
2023-04-19,167094.4685208613
2023-04-20,164907.23697975412
2023-04-21,164685.57352760568
2023-04-24,164258.9552109553
2023-04-25,164627.26969459787
2023-04-26,164589.7130234553
2023-04-27,165804.00410011545
2023-04-28,167497.42776124825
2023-05-02,168428.4124719416
2023-05-03,168504.13595216622
2023-05-04,169211.77903480784
2023-05-05,169461.31168861644
2023-05-08,171390.12410133614
2023-05-09,172403.1093918635
2023-05-10,173380.7111985041
2023-05-11,172494.79036110177
2023-05-12,171734.59114235177
2023-05-15,172801.07191627755
2023-05-16,172589.85151832833
2023-05-17,171366.53621071114
2023-05-18,168472.4210373713
2023-05-19,168282.73762672677
2023-05-22,172515.39082496896
2023-05-23,174294.90687721505
2023-05-24,173389.8737351252
2023-05-25,174669.52626198067
2023-05-26,177652.50315260567
2023-05-29,178091.50040602364
2023-05-30,176907.59818434395
2023-05-31,177181.30381178536
2023-06-01,179165.21897291817
2023-06-02,179548.5498445002
2023-06-05,177579.195474383
2023-06-06,178287.33557545725
2023-06-07,180133.2826579768
2023-06-08,177992.3579753596
2023-06-09,176981.77911793772
2023-06-12,178196.94263112132
2023-06-13,180269.35339772288
2023-06-14,180525.98404347483
2023-06-15,183101.76819264475
2023-06-16,183830.81476246897
2023-06-19,183720.7188762385
2023-06-20,183534.0118449885
2023-06-21,182970.80444752757
2023-06-22,181489.4628947932
2023-06-23,179952.11697804515
2023-06-26,182517.37866627757
2023-06-27,183663.70764576975
2023-06-28,184622.6802409846
2023-06-30,185266.34979664866
2023-07-03,185204.26105153147
2023-07-04,184472.24185597483
2023-07-05,187516.45795094554
2023-07-06,188545.82928883616
2023-07-07,186529.6641887385
2023-07-10,185397.35510670725
2023-07-11,187200.34851491038
2023-07-12,188170.33740651194
2023-07-13,188283.78162037913
2023-07-14,191285.89743373363
2023-07-17,190206.14322230784
2023-07-18,188776.1844210383
2023-07-19,189316.36477992503
2023-07-20,190443.96481654613
2023-07-21,190645.4259371516
2023-07-24,190223.19375941722
2023-07-25,191158.92196986644
2023-07-26,190836.27212855784
2023-07-27,192749.91220424144
2023-07-28,193378.12466762034
2023-07-31,192982.1131319758
2023-08-01,191763.50332972972
2023-08-02,191709.71396205394
2023-08-03,190660.98733851878
2023-08-04,192117.03134486644
2023-08-07,194502.9637179133
2023-08-08,192858.31900355784
2023-08-09,191192.60790535226
2023-08-10,190895.904292071
2023-08-11,188499.5556592585
2023-08-14,187642.3411206843
2023-08-16,187168.88415046944
2023-08-17,186330.7029981257
2023-08-18,185065.33217341866
2023-08-21,186419.78444392647
2023-08-22,186706.53346736397
2023-08-23,187056.98225886788
2023-08-24,187351.7827349421
2023-08-25,186205.33272273507
2023-08-28,187323.89278138988
2023-08-29,187880.5683795344
2023-08-30,187741.29463685863
2023-08-31,186681.52303041331
2023-09-01,186788.99324525706
2023-09-04,187541.70033754222
2023-09-05,188328.19411195628
2023-09-06,189180.33211244456
2023-09-07,189048.41316713206
2023-09-08,189966.32771791331
2023-09-11,190770.22792543285
2023-09-12,189900.48280824535
2023-09-13,189826.85518373363
2023-09-14,191396.8313800227
2023-09-15,192030.9139605891
2023-09-18,191291.62868226878
2023-09-20,190276.4261065852
2023-09-21,188640.11378969066
2023-09-22,187357.6682940852
2023-09-25,188661.3681842219
2023-09-26,188555.52870668285
2023-09-27,189621.05617250316
2023-09-28,186163.07301820628
2023-09-29,188836.09773744456
2023-10-03,188375.4417315852
2023-10-04,187549.19399379223
2023-10-05,187574.38857387035
2023-10-06,189429.14431117504
2023-10-09,188009.3001949641
2023-10-10,189623.1781246516
2023-10-11,190414.36346473946
2023-10-12,189999.60821571603
2023-10-13,189843.32850380198
2023-10-16,188729.07404823558
2023-10-17,188849.10365077463
2023-10-18,188053.41515339917
2023-10-19,187825.56432332104
2023-10-20,184706.71990193432
2023-10-23,180817.84259578196
2023-10-25,180094.68697554272
2023-10-26,177706.08284956616
2023-10-27,180143.66445357006
2023-10-30,180334.54407905834
2023-10-31,179256.26923774974
2023-11-01,180269.9485028865
2023-11-02,185750.59073921462
2023-11-03,187231.5878803279
2023-11-06,187603.5728046443
2023-11-07,188494.30547065992
2023-11-08,188654.60130806227
2023-11-09,188270.6764423396
2023-11-10,187503.94713325758
2023-11-13,187304.58122749586
2023-11-15,188161.32096620434
2023-11-16,189969.13416200515
2023-11-17,190441.23377138015
2023-11-20,190479.5450935237
2023-11-21,191002.84520338697
2023-11-22,191021.29210280103
2023-11-23,191963.6677131526
2023-11-24,192444.92350929516
2023-11-28,191504.49388759106
2023-11-29,191925.33570961255
2023-11-30,192336.6350260188
2023-12-01,193458.16114906568
2023-12-04,195833.04411171217
2023-12-05,196253.67167518873
2023-12-06,197822.344831927
2023-12-07,199590.9448685481
2023-12-08,198562.32389686842
2023-12-11,199311.7968582942
2023-12-12,198928.79722450514
2023-12-13,201964.17495112104
2023-12-14,205606.31489710492
2023-12-15,205795.35432581586
2023-12-18,208322.5010238139
2023-12-19,205987.75488428754
2023-12-20,202084.74231104535
2023-12-21,204604.20692591352
2023-12-22,206967.30129389447
2023-12-26,208709.2408309428
2023-12-27,211968.13948206586
2023-12-28,211641.70092920942
2023-12-29,212340.21801905317
2024-01-01,215491.01670984906
2024-01-02,214597.17274622602
2024-01-03,214475.65886072797
2024-01-04,219919.31292872113
2024-01-05,220600.14296106977
2024-01-08,218677.59167627973
2024-01-09,220707.1423507182
2024-01-10,222650.21382288617
2024-01-11,223704.79237513227
2024-01-12,224252.62567286176
2024-01-15,225120.67523340863
2024-01-16,223679.3473870608
2024-01-17,222895.27383969753
2024-01-18,223777.50119565456
2024-01-19,226633.31863950222
2024-01-23,221953.4717156741
2024-01-24,222130.793554053
2024-01-25,223311.5737054202
2024-01-29,223154.9196526858
2024-01-30,220701.33809506864
2024-01-31,225319.86324155302
2024-02-01,221542.9147552249
2024-02-02,224106.33949887723
2024-02-05,229656.76289975614
2024-02-06,229992.1262029788
2024-02-07,230787.57658139677
2024-02-08,231164.95152036162
2024-02-09,231259.30680600615
2024-02-12,227165.05119077177
2024-02-13,226966.05070249052
2024-02-14,226418.97888413115
2024-02-15,225891.80572739287
2024-02-16,228367.2297996585
2024-02-19,231252.7790550296
2024-02-20,230529.10504379912
2024-02-21,227919.50622788115
2024-02-22,229414.57861557647
2024-02-23,231528.90674057647
2024-02-26,231970.85766831084
2024-02-27,232630.45935288115
2024-02-28,230456.4539817874
2024-02-29,232015.68255844756
2024-03-01,233341.25512924834
2024-03-04,234869.75549545928
2024-03-05,236182.26204038115
2024-03-06,235223.3875286624
2024-03-07,238068.31221127958
2024-03-11,236959.3998482425
2024-03-12,233630.57874228546
2024-03-13,226172.85901449464
2024-03-14,230600.95883779787
2024-03-15,230068.96348409913
2024-03-18,229229.08926992677
2024-03-19,227313.71818380617
2024-03-20,227392.3305799243
2024-03-21,235238.89565103027
2024-03-22,235855.5370571582
2024-03-26,235106.65370266602
2024-03-27,235969.33037655518
2024-03-28,236636.53454678223
2024-04-01,240719.07363217042
2024-04-02,241695.59771053956
2024-04-03,242466.61084072755
2024-04-04,242164.45583431885
2024-04-05,245017.63444998048
2024-04-08,251361.86774923585
2024-04-09,255660.0741701343
2024-04-10,252559.44857504152
2024-04-12,250345.68230917238
2024-04-15,247669.29364386422
2024-04-16,250652.53998175485
2024-04-18,255706.5408972822
2024-04-19,255480.4125403486
2024-04-22,255563.1900061689
2024-04-23,255605.64191046578
2024-04-24,258804.36722174508
2024-04-25,269279.3673132978
2024-04-26,266168.0401953779
2024-04-29,263404.9915198408
2024-04-30,272432.36896124703
2024-05-02,273663.76065436227
2024-05-03,273579.3875464521
2024-05-06,271189.88946905953
2024-05-07,265261.76306525094
2024-05-08,267295.67044440133
2024-05-09,263914.69099646434
2024-05-10,264020.07115393505
2024-05-13,273129.9460928999
2024-05-14,278900.14329748973
2024-05-15,287918.07084875926
2024-05-16,295333.1427481733
2024-05-17,297576.82353430614
2024-05-21,300664.0386832319
2024-05-22,297949.41795569286
2024-05-23,305328.67198401317
2024-05-24,305706.04326086864
2024-05-27,304308.80281457957
2024-05-28,298367.38513196236
2024-05-29,301830.73657239205
2024-05-30,297642.78625500924
2024-05-31,300047.6337891889
2024-06-03,308491.63360608346
2024-06-04,282523.6262818647
2024-06-05,284676.5188880659
2024-06-06,284648.5108880659
2024-06-07,284725.3097161909
2024-06-10,284590.9103021284
2024-06-11,284578.9103021284
2024-06-12,284696.5108880659
2024-06-13,284926.9103021284
2024-06-14,286105.3097161909
2024-06-18,286470.1114740034
2024-06-19,286258.9103021284
2024-06-20,287283.7120599409
2024-06-21,287240.5108880659
2024-06-24,287751.7120599409
2024-06-25,288308.5108880659
2024-06-26,287838.1114740034
2024-06-27,286611.7120599409
2024-06-28,286642.9103021284
2024-07-01,286150.9103021284
2024-07-02,285618.1114740034
2024-07-03,285430.9103021284
2024-07-04,286047.7120599409
2024-07-05,286136.5108880659
2024-07-08,285831.8228347212
2024-07-09,285763.9038894087
2024-07-10,284944.5409743696
2024-07-11,284765.98457788525
2024-07-12,284110.54207300243
2024-07-15,284265.823933354
2024-07-16,283860.7027175337
2024-07-18,283121.50227808056
2024-07-19,282789.55452579167
2024-07-22,285637.1512665143
2024-07-23,285972.10335391667
2024-07-24,286582.3036102643
2024-07-25,286284.70256656315
2024-07-26,287537.84039615304
2024-07-29,287669.84039615304
2024-07-30,287499.44098209054
2024-07-31,287300.23981021554
2024-08-01,286825.04156802804
2024-08-02,288333.00116861396
2024-08-05,284475.65112845285
2024-08-06,284196.7002007185
2024-08-07,290283.7543999372
2024-08-08,288696.5530067488
2024-08-09,289812.7027870222
2024-08-12,290203.59173770575
2024-08-13,290033.1908587995
2024-08-14,289922.8820599714
2024-08-16,291599.8820599714
2024-08-19,291427.48513077217
2024-08-20,290493.60134170967
2024-08-21,290609.5705799909
2024-08-22,291641.16771670966
2024-08-23,290445.87767764716
2024-08-26,292557.76049014716
2024-08-27,291811.38353702216
2024-08-28,290938.9641034284
2024-08-29,290161.4785077253
2024-08-30,291325.40254068427
2024-09-02,291370.09032712225
2024-09-03,291261.7405346418
2024-09-04,292831.64141354803
2024-09-05,292933.1918285871
2024-09-06,292745.8899487043
2024-09-09,293402.48986325506
2024-09-10,295238.69865158515
2024-09-11,293834.4719059797
2024-09-12,297129.0258610578
2024-09-13,296094.32687192207
2024-09-16,295739.1781292463
2024-09-17,295953.50426498847
2024-09-18,295629.5049363752
2024-09-19,297241.3525926252
2024-09-20,296943.3532640119
2024-09-23,297704.2031785627
2024-09-24,297571.45543686347
2024-09-25,297293.05535141425
2024-09-26,297477.20543686347
2024-09-27,297297.5521775861
2024-09-30,296441.85485092597
2024-10-01,295990.35485092597
2024-10-03,295102.25643295725
2024-10-04,293873.52264804515
2024-10-07,292923.64124732645
2024-10-08,295458.28733497293
2024-10-09,294114.56380897196
2024-10-10,294281.08875724464
2024-10-11,294097.9827163511
2024-10-14,294371.78288724954
2024-10-15,294513.78062894876
2024-10-16,294154.0322158628
2024-10-17,293861.73221586284
2024-10-18,293117.8780288511
2024-10-21,293039.4871597105
2024-10-22,287214.6463286558
2024-10-23,288463.65357658063
2024-10-24,284700.9369546324
2024-10-25,285259.0340566221
2024-10-28,281659.23924155865
2024-10-29,283201.18680473004
2024-10-30,283175.1909550901
2024-10-31,282777.0943974729
2024-11-01,283325.414343762
2024-11-04,282388.8881015745
2024-11-05,282458.488687512
2024-11-06,283257.689859387
2024-11-07,283216.8881015745
2024-11-08,285573.689859387
2024-11-11,285422.488687512
2024-11-12,285453.689859387
2024-11-13,282974.93368983135
2024-11-14,287925.4106136595
2024-11-18,287067.0549466673
2024-11-19,286667.5340394407
2024-11-21,286451.8398255735
2024-11-22,287183.23484510474
2024-11-25,286563.1375550657
2024-11-26,287049.6622940183
2024-11-27,287700.0611587644
2024-11-28,286905.9437241331
2024-11-29,287105.5441269651
2024-12-02,287831.8222350584
2024-12-03,288120.1096225706
2024-12-04,288678.49719294417
2024-12-05,288320.17596430646
2024-12-06,291756.9080504881
2024-12-09,290573.31158442365
2024-12-10,293414.32959867537
2024-12-11,295825.81734586775
2024-12-12,290309.2068165404
2024-12-13,286809.3487515532
2024-12-16,288365.42922259204
2024-12-17,284014.88065386645
2024-12-18,278502.9381833159
2024-12-19,276474.61685229174
2024-12-20,270762.68713518966
2024-12-23,273457.1838422209
2024-12-24,273568.1726368987
2024-12-26,273913.22000017995
2024-12-27,274918.30928704515
2024-12-30,274149.677845879
2024-12-31,275171.63305144536
2025-01-01,274329.89528679696
2025-01-02,275279.39528679696
2025-01-03,274007.19704460946
2025-01-06,271743.62837822735
2025-01-07,271743.62837822735
2025-01-08,271743.62837822735
2025-01-09,271743.62837822735
2025-01-10,271743.62837822735
2025-01-13,271743.62837822735
2025-01-14,271743.62837822735
2025-01-15,271743.62837822735
2025-01-16,271743.62837822735
2025-01-17,271743.62837822735
2025-01-20,271743.62837822735
2025-01-21,271743.62837822735
2025-01-22,271743.62837822735
2025-01-23,271743.62837822735
2025-01-24,271743.62837822735
2025-01-27,271743.62837822735
2025-01-28,271743.62837822735
2025-01-29,271743.62837822735
2025-01-30,271743.62837822735
2025-01-31,271743.62837822735
2025-02-01,271743.62837822735
2025-02-03,271743.62837822735
2025-02-04,271717.1259778367
2025-02-05,271292.1217678758
2025-02-06,270158.1207913133
2025-02-07,270485.9583518602
2025-02-10,270485.9583518602
2025-02-11,270485.9583518602
2025-02-12,270485.9583518602
2025-02-13,270485.9583518602
2025-02-14,270485.9583518602
2025-02-17,270485.9583518602
2025-02-18,270485.9583518602
2025-02-19,270485.9583518602
2025-02-20,270485.9583518602
2025-02-21,270485.9583518602
2025-02-24,270485.9583518602
2025-02-25,270485.9583518602
2025-02-27,270485.9583518602
2025-02-28,270485.9583518602
2025-03-03,270485.9583518602
2025-03-04,270485.9583518602
2025-03-05,270485.9583518602
2025-03-06,270485.9583518602
2025-03-07,270485.9583518602
2025-03-10,270485.9583518602
2025-03-11,270485.9583518602
2025-03-12,270485.9583518602
2025-03-13,270485.9583518602
2025-03-17,270485.9583518602
2025-03-18,270485.9583518602
2025-03-19,270485.9583518602
2025-03-20,270485.9583518602
2025-03-21,270485.9583518602
2025-03-24,270459.01115264144
2025-03-25,269998.43829326646
2025-03-26,268163.14219707507
2025-03-27,267255.12040215323
2025-03-28,266788.5338064501
2025-04-01,267174.034172661
2025-04-02,267254.40593474597
2025-04-03,267254.40593474597
2025-04-04,267254.40593474597
2025-04-07,267254.40593474597
2025-04-08,267254.40593474597
2025-04-09,267254.40593474597
2025-04-11,267254.40593474597
2025-04-15,267254.40593474597
2025-04-16,267254.40593474597
2025-04-17,267254.40593474597
2025-04-21,267228.52193572256
2025-04-22,267139.52291228506
2025-04-23,266799.52291228506
2025-04-24,267336.5224240038
2025-04-25,266919.52291228506
2025-04-28,266948.52193572256
2025-04-29,266913.52193572256
2025-04-30,265997.5234005663
2025-05-02,265149.52291228506
2025-05-05,265498.52193572256
2025-05-06,265031.5224240038
2025-05-07,265668.52193572256
2025-05-08,265739.52291228506
2025-05-09,265426.5224240038
2025-05-12,266344.52291228506
2025-05-13,266817.5234005663
2025-05-14,266865.13338957995
2025-05-15,266910.63143645495
2025-05-16,266933.6319247362
2025-05-19,266397.13229094713
2025-05-20,266037.13229094713
2025-05-21,266040.63143645495
2025-05-22,265106.633023369
2025-05-23,265217.1329012987
2025-05-26,265576.10846831533
2025-05-27,265642.30964019033
2025-05-28,266113.2105190966
2025-05-29,266425.7086880419
2025-05-30,265852.30902983877
2025-06-02,265473.7097866747
2025-06-03,264754.80964019033
2025-06-04,265134.70832183096
2025-06-05,265765.2784439012
2025-06-06,266636.17932280747
2025-06-09,266766.0798355028
2025-06-10,267848.77881011216
2025-06-11,267435.97851714346
2025-06-12,266601.97888335434
2025-06-13,266556.37829741684
2025-06-16,267393.3790298387
2025-06-17,267215.17895659653
2025-06-18,267232.57946929184
2025-06-19,266128.87829741684
2025-06-20,266946.0798355028
2025-06-23,267445.8790298387
2025-06-24,268087.2791763231
2025-06-25,268140.07946929184
2025-06-26,268938.07873686997
2025-06-27,268779.37939604966
2025-06-30,269378.77881011216
2025-07-01,269057.1796890184
2025-07-02,269367.9792495653
2025-07-03,269531.77990874497
2025-07-04,269697.07837065903
2025-07-07,269139.97815093247
2025-07-08,269420.4792495653
2025-07-09,268665.56539458485
2025-07-10,268124.961146538
2025-07-11,267841.4644424364
2025-07-14,267393.86312407703
2025-07-15,267282.37883110833
2025-07-16,267106.48429985833
2025-07-17,266013.1783916552
2025-07-18,264546.098299309
2025-07-21,266979.7949545824
2025-07-22,266858.4021733324
2025-07-23,266545.99989061756
2025-07-24,263514.10078173084
2025-07-25,263234.0971988146
2025-07-28,261662.960321831
2025-07-29,263002.55694048334
2025-07-30,262103.28959124017
2025-07-31,261362.0761994555
2025-08-01,259353.03473369623
2025-08-04,260883.29574640183
2025-08-05,258216.7003484526
2025-08-06,256850.23197229294
2025-08-07,256162.70875427537
2025-08-08,253518.05959730822
2025-08-11,255449.54475432116
2025-08-12,255001.52593641955
2025-08-13,255040.12166786485
2025-08-14,254116.85906901845
2025-08-18,256975.70192634113
2025-08-19,260319.11951423174
2025-08-20,260399.5437339583
2025-08-21,260180.24820710285
2025-08-22,256798.6938858138
2025-08-25,258204.0789839583
2025-08-26,256083.96063679035
2025-08-28,255212.31259640036
2025-08-29,254672.21930416403
2025-09-01,256863.56831844625
2025-09-02,258436.49532039938
2025-09-03,261012.0346614638
2025-09-04,259934.94219002826
2025-09-05,260394.0104883681
2025-09-08,259348.06398408802
2025-09-09,259503.42466371448
2025-09-10,261444.94884858996
2025-09-11,262206.80065968615
2025-09-12,262408.3575063048
2025-09-15,262187.51703694445
2025-09-16,261894.5062413512
2025-09-17,261439.23399293813
2025-09-18,262160.58593690785
2025-09-19,262696.44421712024
2025-09-22,261936.53377095328
2025-09-23,260675.1892701903
2025-09-24,257775.9771119872
2025-09-25,256150.25105302723
2025-09-26,251553.70832078846
2025-09-29,253472.87799852283
2025-09-30,255705.1952537261
2025-10-01,257659.47814369496
2025-10-03,258686.77001381214
2025-10-06,258106.296426776
2025-10-07,257057.45629310902
2025-10-08,255668.77330971058
2025-10-09,258308.65474891957
2025-10-10,259108.77306556996
2025-10-13,260394.80980873402
2025-10-14,258383.99347877796
2025-10-15,262563.20836830436
2025-10-16,267799.03731727897
2025-10-17,266221.0509433776
2025-10-20,266301.1286258727
2025-10-21,266706.99509620963
2025-10-23,268163.43984413444
2025-10-24,266996.434305194
2025-10-27,268225.03022194206
2025-10-28,268341.5109348327
2025-10-29,272592.2616214782
2025-10-30,273033.26236915885
2025-10-31,272880.93732643424
2025-11-03,273984.79612160026
2025-11-04,272556.0633640319
2025-11-06,270971.1189975768
2025-11-07,272435.6410312682
2025-11-10,276565.3030185729
2025-11-11,283737.0426533385
2025-11-12,285494.972523944
2025-11-13,284663.20683790883
2025-11-14,284734.4401447936
2025-11-17,283785.7240498229
2025-11-18,283124.0809223815
2025-11-19,285742.96129347524
2025-11-20,285182.17278029164
2025-11-21,281803.48222853383
2025-11-24,281414.9815876647
2025-11-25,281753.9218952819
2025-11-26,286026.4056599303
2025-11-27,286227.5948383971
2025-11-28,286117.6399433776
2025-12-01,287306.8628132506
2025-12-02,285697.68571974477
2025-12-03,282688.92989088735
2025-12-04,282706.60494984733
2025-12-05,284530.30429066764
2025-12-08,277809.29476918327
2025-12-09,279446.792907611
2025-12-10,278490.41632069694
2025-12-11,280754.62835734856
2025-12-12,285929.82554646593
2025-12-15,284907.0321809874
2025-12-16,283826.4846040831
2025-12-17,282955.8289033995
2025-12-18,282988.5796358214
2025-12-19,285034.66661091906
2025-12-22,288664.5756075011
2025-12-23,288018.78843709093
2025-12-24,287956.89302083116
2025-12-26,289230.6545259581
2025-12-29,286979.5305330382
2025-12-30,289839.02824421984
2025-12-31,291731.9459993468
